recency,frequency,monetary_value
325,1,77183.6
2,182,4310.000000000001
75,31,1797.24
18,73,1757.5500000000002
310,17,334.40000000000003
36,85,2506.0400000000004
204,4,89.0
232,58,1079.3999999999999
214,13,459.4
22,59,2811.43
33,131,6207.67
1,19,1168.06
57,248,6372.58
52,129,2662.06
287,10,189.89999999999998
3,266,5226.23
109,23,552.0
7,85,1313.1000000000001
291,22,641.3799999999999
4,11,168.89999999999998
51,167,3545.6899999999996
44,63,1887.96
71,52,1298.0400000000002
311,14,364.6
25,33,742.93
10,17,457.5
315,77,1628.12
129,219,4008.62
81,40,852.24
21,104,2724.8100000000004
4,87,1845.3100000000004
184,99,1850.5600000000002
28,27,585.2700000000001
337,10,401.9
15,100,2780.6600000000003
79,32,549.84
21,100,460.89
72,64,1582.6000000000001
63,27,1272.48
19,156,3018.63
35,126,2409.9000000000005
45,85,1635.6599999999999
119,59,1108.65
303,5,84.3
323,11,225.6
49,5,427.7
148,54,1710.3900000000003
22,105,3415.3
49,77,1708.1199999999997
32,105,2888.55
78,109,11072.67
308,26,693.3299999999999
74,61,1226.88
66,38,758.1
217,18,562.41
24,716,124914.53
3,192,3649.1000000000004
112,34,668.58
63,29,600.3900000000001
15,45,807.0400000000001
95,39,803.5599999999998
0,125,1859.31
162,30,1760.9599999999996
78,36,777.1999999999999
194,30,582.73
21,31,825.8
25,294,7956.46
9,97,3750.4
43,11,256.4
35,236,6487.45
42,108,5059.319999999999
0,420,13375.87
84,50,806.14
79,36,7829.890000000001
99,16,509.01000000000005
1,200,4951.41
14,98,2906.8500000000004
366,11,173.55
3,12,172.06
21,177,5005.46
22,4,133.4
57,58,1002.3100000000001
243,26,476.49
44,22,449.4500000000001
22,191,4067.2900000000004
156,8,197.88
10,354,9035.52
16,22,430.57
134,43,707.0899999999999
56,15,3528.34
73,90,2466.8599999999997
44,125,3181.04
66,63,2363.23
71,38,947.4
94,35,826.88
18,62,1189.5900000000001
53,83,1344.7800000000002
10,29,1212.05
17,47,742.19
187,38,729.54
2,460,19824.05
32,339,6572.110000000001
29,168,3938.55
17,424,7375.79
53,36,723.3799999999999
15,233,6816.42
22,300,13219.740000000002
3,36,680.9900000000001
11,31,527.2
28,154,3281.6299999999997
22,217,5596.32
17,75,2484.98
32,346,4541.719999999999
9,55,1298.6600000000003
336,15,334.92999999999995
5,245,5417.93
38,26,460.40000000000003
63,20,263.21
165,22,433.74
15,77,1246.1
81,14,1043.1
21,23,403.7
23,61,4257.820000000001
336,149,2169.3900000000003
95,147,3723.87
18,9,482.04999999999995
232,23,73.50000000000001
134,22,1304.81
26,69,398.27
284,7,176.5
142,33,982.5699999999999
66,34,138.03
112,35,612.2900000000001
267,51,1017.6800000000001
353,16,383.70000000000005
77,26,1312.06
28,284,2502.84
0,124,2056.89
63,18,340.84000000000003
79,152,2634.26
142,38,599.68
39,12,192.72000000000003
19,106,1789.77
9,144,4485.719999999999
0,71,1316.6600000000003
81,18,348.71000000000004
9,92,1933.4800000000002
59,66,1662.28
14,17,125.22
30,16,349.83000000000004
130,63,1089.18
91,34,716.35
43,261,12601.830000000002
29,21,363.95
22,273,5568.349999999999
19,478,13400.24
29,52,981.1800000000002
36,19,372.70000000000005
75,50,1000.39
46,69,1161.5
197,8,207.8
166,5,95.19999999999999
79,57,964.83
357,10,168.0
38,20,437.82
8,191,3692.2799999999997
50,121,603.7099999999999
16,33,11990.96
7,11,269.96000000000004
310,21,561.7099999999999
5,105,2134.01
302,16,238.85
8,168,3781.74
261,21,456.90000000000003
288,9,145.92000000000002
86,19,351.65
22,446,9401.279999999999
2,188,4124.6900000000005
39,34,519.61
8,60,1020.42
227,28,160.54
315,11,218.45000000000002
35,88,1315.83
35,147,657.8
21,114,2794.5099999999998
78,29,440.41999999999996
246,24,415.70000000000005
39,15,197.70999999999998
238,22,511.3599999999999
2,247,7281.379999999999
3,96,2338.1500000000005
234,87,2040.0999999999997
17,11,196.94000000000003
7,4,144.0
39,10,214.89999999999998
28,35,646.6800000000001
211,68,9864.26
317,26,452.84999999999997
92,18,437.6
108,21,418.0999999999999
37,118,3338.2200000000003
51,27,618.27
19,206,3811.2199999999993
9,132,3023.08
29,62,1032.5800000000004
28,64,2599.04
189,28,577.0600000000001
58,12,153.12
21,3,739.1999999999999
79,16,254.17999999999998
60,101,1579.51
78,60,1126.8500000000001
22,106,2099.54
52,65,1193.32
74,19,704.04
57,153,3344.38
277,20,315.59999999999997
2,105,2291.1899999999996
95,32,713.3
29,42,355.53000000000003
21,11,177.31
16,90,3641.24
14,92,1339.41
1,467,13689.67
232,11,180.09999999999997
276,18,305.1
106,38,641.13
211,86,2683.82
23,294,6620.48
10,230,4478.530000000001
4,41,786.4599999999999
9,64,1270.88
57,31,640.5
58,101,2163.98
89,101,1689.1800000000003
67,390,6021.9
33,39,671.69
238,22,486.1
23,53,1174.58
115,10,185.9
25,47,1013.26
128,24,3344.6399999999994
129,31,477.90999999999997
33,73,1775.1800000000003
4,45,1346.97
22,122,3722.82
154,21,318.04999999999995
107,31,623.51
3,20,314.44
334,9,114.0
331,48,919.98
148,43,2209.85
10,38,601.9799999999999
17,126,4051.17
11,47,1643.18
18,36,686.05
29,5,91.68
11,13,245.10000000000002
0,230,3849.7799999999997
8,37,4881.88
324,3,63.0
58,33,620.1300000000001
11,161,3807.15
150,101,2744.03
10,92,2996.0500000000006
329,10,225.9
5,42,610.52
38,83,1970.6000000000001
24,45,1331.39
42,165,17628.46
58,48,1113.02
0,52,862.8100000000002
14,638,13787.54
3,525,12288.220000000001
4,344,8476.57
7,105,2283.63
28,157,2863.08
371,7,89.14
113,171,4873.8099999999995
25,72,1247.61
205,16,389.01
28,32,1035.8
127,39,855.91
70,37,869.67
7,27,582.1
28,41,957.5899999999999
7,268,4939.99
79,53,797.71
19,12,219.0
71,21,283.55
7,88,2340.8399999999997
15,334,6868.290000000001
291,33,603.42
29,157,2712.91
15,208,9736.52
96,77,1149.0200000000002
28,133,4396.13
0,38,848.5500000000001
9,259,4708.860000000001
106,21,353.85999999999996
3,69,1053.4900000000002
151,55,1030.98
71,19,238.25
5,39,644.95
2,354,5781.730000000001
31,161,2656.13
85,53,997.6300000000001
3,69,725.07
5,53,1031.4099999999999
371,24,427.8
28,124,2609.1
10,139,3980.7000000000003
71,46,836.3299999999999
113,26,453.01000000000005
23,274,18895.91
179,12,236.26000000000005
234,22,383.95000000000005
352,4,110.39999999999999
315,43,779.57
332,4,234.00000000000003
372,11,155.35
78,38,1013.0400000000001
63,27,427.59999999999997
134,134,546.4300000000001
51,222,21279.29
2,103,4196.009999999999
0,4596,33719.73
3,199,4090.88
128,15,275.88
81,53,4366.780000000001
22,197,21429.39
235,63,3010.7400000000002
280,4,3811.9499999999994
86,4,112.08000000000001
15,371,7857.1
116,97,2791.59
52,95,1531.4400000000003
7,69,1898.5200000000004
138,18,494.08000000000004
316,45,1693.88
3,310,6989.63
238,32,1143.6
210,12,1351.4499999999998
59,55,892.4700000000001
17,66,1386.0400000000002
19,50,822.23
37,149,3981.3599999999997
63,25,826.74
4,103,2330.9200000000005
2,84,2225.91
9,59,574.4200000000001
364,14,311.95
9,20,463.65999999999997
65,4,91.85000000000001
192,21,324.9200000000001
373,2,192.60000000000002
256,25,400.53999999999996
334,24,545.48
53,45,860.41
18,14,430.48
365,13,254.03
10,8,6977.04
186,25,427.58
36,28,483.65000000000003
177,25,489.31
260,31,514.8499999999999
44,15,229.64
101,2,125.92
147,47,1063.46
95,29,572.2
281,4,166.04
261,14,1542.08
3,59,942.34
214,6,92.72
70,46,948.8800000000002
74,5,1759.5
59,25,397.11999999999995
2,91,1474.72
5,25,430.15
2,56,1018.71
336,11,293.0
37,38,6814.640000000001
262,9,215.05
32,27,383.03000000000003
145,24,417.38
282,18,312.38
59,175,2612.8599999999997
173,12,134.1
33,123,683.13
2,314,5591.42
143,113,2726.77
4,420,4022.35
70,34,1118.99
65,103,1702.2600000000002
29,52,325.96
267,27,354.09
22,91,871.5399999999998
31,51,1050.8899999999999
96,50,135.18
294,17,311.55
134,78,1957.1000000000004
78,110,1324.5000000000002
372,3,38.1
7,314,2179.93
210,46,1106.4
52,5,521.2
138,3,147.12
26,95,1568.23
283,26,559.12
26,538,4036.82
185,107,1607.0600000000002
84,11,380.64000000000004
326,66,599.9700000000001
282,4,374.0
143,2,343.2300000000001
57,85,2218.020000000001
3,154,1535.7700000000002
236,47,854.99
44,10,573.22
275,7,298.0
9,13,1463.0399999999997
24,42,703.47
88,7,309.05000000000007
63,71,1175.2199999999998
67,82,1378.3999999999999
214,5,354.12
24,82,380.47
185,3,331.0
30,34,188.14000000000001
42,22,372.8
204,4,216.5
8,116,17654.539999999997
264,10,138.67999999999998
18,72,509.58
11,63,2919.81
176,2,750.0
39,91,2178.67
23,75,3075.0400000000004
2,24,1662.3
4,50,2483.6299999999997
148,22,363.65
138,107,3006.1499999999996
128,2,594.0
8,50,1335.19
17,28,164.23000000000002
9,720,16587.09
161,28,405.38
64,29,176.97
88,30,933.7000000000002
4,45,694.05
35,84,2062.7
311,8,117.85
78,25,415.8
21,82,42055.96
24,106,607.53
2,129,2160.7
17,62,1063.8999999999999
15,120,1504.2700000000002
25,9,114.13999999999999
64,47,11581.800000000001
54,99,913.54
131,75,683.9000000000001
35,30,604.5099999999999
288,23,462.95000000000005
143,97,1603.99
16,116,2064.95
30,215,4167.22
2,23,1843.0
8,63,1064.07
5,79,1387.79
9,17,329.85
1,180,4757.160000000001
306,19,108.07
9,238,4017.54
7,16,266.39
8,95,1856.63
89,109,771.91
9,10,160.18
358,19,1660.9
112,5,135.95
7,151,452.24000000000007
3,305,11189.91
197,8,144.8
211,22,738.6
156,9,39.24
157,20,7374.9
29,20,372.2199999999999
242,28,390.53999999999996
18,4,97.5
0,76,1239.3799999999999
73,28,558.7
292,92,535.3200000000002
3,64,6924.110000000001
31,13,409.5000000000001
23,31,503.76000000000005
23,27,414.75999999999993
4,61,974.42
85,3,211.32
22,59,1226.89
196,28,455.88
106,31,534.8500000000001
4,339,9818.82
318,7,120.94999999999999
105,6,149.05
11,404,5655.91
173,26,513.6999999999999
56,4,81.57
323,14,229.47000000000003
372,3,50.550000000000004
9,89,1661.8400000000001
1,219,4810.94
10,110,3466.2799999999997
53,176,3346.2799999999997
73,47,789.8899999999999
7,1,204.0
16,458,7277.700000000001
4,131,2616.38
64,40,689.9000000000001
1,40,975.36
113,26,6912.0
22,45,661.3200000000002
30,10,1247.5
11,99,799.4800000000001
52,71,1010.1800000000002
357,11,190.54999999999998
54,37,642.7700000000001
73,27,921.88
138,48,881.07
80,28,908.46
8,43,676.99
273,13,516.4200000000001
291,33,560.47
99,18,305.28
30,35,629.31
31,172,3237.54
14,136,1835.9099999999999
64,14,656.6800000000002
14,403,5836.860000000001
212,18,348.15000000000003
78,76,1214.41
24,8,271.4
249,8,183.4
253,15,307.53000000000003
72,10,248.61
191,11,346.98
12,69,1119.4900000000002
373,14,205.85999999999999
24,48,470.79999999999995
82,15,115.46000000000001
10,2,344.0
0,425,4436.12
192,9,228.8
266,7,177.14999999999998
129,22,919.6100000000001
1,112,729.2700000000001
3,358,12627.939999999999
4,6,220.09999999999997
179,6,58.08
11,1028,28337.379999999997
126,73,3613.6299999999997
4,18,303.75
157,22,416.08000000000004
2,1818,58825.83
8,155,8910.819999999998
28,21,345.82000000000005
70,25,477.83000000000004
275,159,7832.470000000001
21,24,1927.3200000000002
70,6,74.4
32,423,6010.419999999999
1,572,28882.44
99,1,207.35999999999999
234,8,101.19
1,304,6424.089999999999
39,8,243.94
3,20,1098.48
133,1,76.5
44,58,1531.6200000000003
372,10,350.05999999999995
59,47,786.54
31,145,1488.67
0,201,12245.96
11,120,2294.7799999999997
138,30,501.14
21,76,984.9100000000001
19,79,1197.81
238,1,30.599999999999998
269,50,283.72999999999996
94,55,922.39
89,235,3866.33
4,140,2099.64
77,15,259.16999999999996
94,2,64.0
23,44,1073.2999999999997
261,3,77.3
273,7,109.80000000000001
85,98,1793.5800000000002
196,1,3096.0
56,127,2607.6099999999997
10,704,3650.41
22,63,962.39
16,170,5064.9400000000005
108,46,423.72
84,135,2388.75
19,23,307.0899999999999
332,3,110.94999999999999
39,6,618.52
26,17,228.91
10,4,712.8000000000001
29,319,3707.12
14,86,1676.0600000000002
295,74,1257.8700000000003
5,15,486.22
33,85,971.7600000000002
49,87,1741.2199999999998
94,79,1201.06
8,121,1437.85
22,4,91.8
313,8,112.75
122,79,1688.2899999999997
46,42,1021.48
283,41,417.20000000000005
18,65,791.3299999999999
36,131,1319.19
63,13,712.88
26,32,116.00999999999999
21,46,468.40999999999997
4,43,353.65000000000003
16,314,2817.0299999999997
46,72,492.84000000000003
64,17,282.45
26,265,5725.469999999999
45,11,121.18
7,94,3957.7800000000007
14,181,1701.29
267,1,71.4
39,79,1575.89
337,37,236.01999999999998
11,2,114.60000000000001
18,29,260.67999999999995
95,63,911.9400000000002
61,29,117.88000000000001
135,3,60.7
11,110,1797.78
10,226,3401.24
3,119,9817.119999999999
19,46,870.0900000000001
9,57,869.4599999999999
15,8,250.26000000000002
58,149,1223.9
30,321,5891.61
93,22,353.48
10,56,1197.42
19,142,788.0799999999999
56,90,1520.58
267,5,333.74
122,4,533.98
127,5,62.64
78,21,819.29
240,66,847.4100000000001
200,5,163.20000000000002
60,108,2155.9499999999994
3,32,6463.84
273,16,108.21
201,9,257.7
81,2,358.0
225,10,160.95
4,611,2806.9700000000003
12,207,1357.6000000000001
74,43,605.1199999999999
212,58,1031.0700000000002
24,36,744.85
17,31,700.7299999999999
261,22,329.56
96,67,663.6500000000001
112,13,270.40000000000003
203,58,600.0700000000002
92,27,121.74
50,16,430.5
18,141,1987.3
17,25,501.11999999999995
124,26,465.67999999999995
92,23,711.41
156,36,1030.3999999999999
9,13,399.51
14,1,0.0
11,38,698.5799999999999
61,87,292.31999999999994
61,8,557.62
268,9,944.1
263,11,200.29
1,1677,7454.07
53,91,2107.6600000000003
11,187,3834.26
2,211,4521.49
17,440,3214.69
1,316,5346.23
366,1,590.0
37,96,217.38
31,15,276.56000000000006
113,16,138.98
63,30,590.93
15,8,258.4
40,46,542.73
78,9,137.75
122,85,814.86
18,37,1132.14
59,7,93.66
330,13,201.19
23,187,2709.1200000000003
155,42,361.11
38,31,578.9399999999999
189,54,873.74
359,10,201.2
137,5,87.4
7,59,2089.85
1,2,360.0
268,5,142.5
169,20,371.89
103,81,618.09
155,1,63.75
351,21,300.41999999999996
4,81,2000.8599999999997
120,1,15.0
22,54,1385.51
7,107,1456.79
28,72,1132.0300000000002
4,26,598.57
22,78,1555.32
1,62,775.94
37,87,5977.7300000000005
66,124,2273.6800000000003
1,20,640.7600000000001
5,476,10845.55
78,106,1548.6999999999998
72,11,567.36
17,25,199.48
3,21,787.8499999999999
36,75,7121.95
81,12,675.3
38,108,3627.77
316,17,1308.48
31,17,789.0
92,53,1140.93
14,21,350.9
82,268,3536.8200000000006
77,51,795.1200000000001
157,19,487.02000000000004
200,54,860.12
45,134,10736.48
260,42,775.8499999999999
177,19,353.43
67,119,2543.7200000000007
287,20,389.5
70,8,341.36
64,14,233.76
10,16,247.32
16,40,979.12
66,16,373.94
60,24,397.97999999999996
71,51,743.5300000000001
122,32,674.7
80,42,768.2400000000001
257,90,609.95
268,29,439.03000000000003
63,23,439.55999999999995
9,166,3090.7400000000002
17,60,992.5
71,10,134.96
33,128,2225.37
50,1,56.160000000000004
256,29,623.4
365,14,308.28
371,39,754.8700000000001
89,23,378.63999999999993
60,158,3312.2500000000005
88,37,778.65
99,53,1019.76
26,97,572.56
31,172,3639.31
280,15,222.99
30,152,4151.93
329,35,534.5699999999999
131,35,677.1
11,51,797.9599999999999
74,13,544.08
203,1,59.8
1,155,2520.0200000000004
185,21,307.71999999999997
29,43,1360.99
72,38,1544.1299999999999
192,26,457.34000000000003
127,39,621.2300000000002
17,3,75.0
1,11,252.49
74,27,572.4509999999999
1,478,28117.04
24,28,1003.0600000000002
107,18,213.55
133,24,1390.5
43,19,712.5
4,28,640.83
11,304,6127.43
63,16,221.06
149,8,159.85
40,104,1851.08
64,127,2626.3
108,78,1624.2100000000003
0,157,3641.3199999999997
19,29,582.6
10,74,218.46999999999997
10,67,1006.7999999999998
18,49,679.4499999999999
67,46,1269.1
74,10,534.24
5,101,3809.89
1,12,196.88999999999996
14,167,3408.0600000000004
255,54,283.71
91,13,296.64000000000004
23,59,1129.1400000000003
16,195,3539.3700000000003
23,19,291.88000000000005
26,71,2043.72
26,443,2976.15
259,2,590.0
165,17,356.97999999999996
24,46,1058.3400000000001
17,63,1766.72
7,382,9646.57
29,17,183.44
38,27,1445.0000000000002
252,9,151.5
58,41,674.6800000000001
184,17,307.90000000000003
10,99,1083.71
1,302,5704.969999999999
99,10,165.0
1,260,2531.58
60,21,422.64000000000004
236,64,229.59
191,86,1431.7800000000002
178,58,1238.47
37,79,1454.5800000000002
200,15,300.95
45,109,1804.5600000000002
232,11,184.64
65,10,140.34
241,8,313.8
233,23,454.24
78,69,1122.4099999999999
57,34,575.4000000000001
17,422,8968.31
105,14,449.52
51,86,1215.8199999999997
136,50,1269.84
275,8,618.63
311,18,316.26000000000005
7,48,2044.87
10,35,653.3299999999999
282,19,348.04999999999995
17,42,1159.11
23,65,1166.77
288,52,1340.32
16,18,291.99999999999994
71,17,216.85000000000002
64,22,295.93000000000006
72,215,4393.63
316,26,458.52
3,162,2479.16
243,12,110.97000000000003
8,44,979.72
1,115,1791.56
260,15,251.20999999999998
126,10,205.09999999999997
73,4,152.20000000000002
72,59,891.12
21,44,1389.4100000000003
59,141,2128.42
85,38,659.4399999999998
78,8,122.75
58,93,3624.3499999999995
1,436,1093.65
30,5,125.80000000000001
33,172,3964.88
40,27,680.1800000000001
14,6,628.78
33,223,2287.51
78,15,307.76
205,22,483.80000000000007
33,66,210.30999999999995
182,76,270.79
2,296,5870.08
1,179,3448.29
43,25,1280.8500000000001
85,37,631.34
39,87,291.40999999999997
12,98,626.99
96,124,682.4100000000001
25,51,918.1999999999999
319,4,91.80000000000001
66,109,3740.0699999999997
73,136,4149.280000000001
28,34,584.06
5,175,605.06
7,33,174.36999999999998
215,14,141.86
81,82,1799.33
84,49,777.53
144,83,1749.0200000000004
19,38,240.22
40,176,874.71
173,44,192.85
17,85,373.74999999999994
243,27,239.49000000000004
12,341,2092.3199999999997
205,33,1384.2499999999998
50,26,294.4
23,46,732.07
10,126,6717.34
25,83,1687.6000000000001
14,23,467.0400000000001
309,10,118.0
155,53,781.03
306,24,142.4
63,8,712.4
15,174,2478.95
14,21,379.65000000000003
11,87,1981.9199999999994
64,58,1117.1299999999997
35,16,247.95999999999998
108,128,2037.0800000000002
52,26,396.97
5,166,697.0400000000001
47,40,180.17000000000002
1,247,5153.67
312,19,219.51999999999998
45,99,693.32
64,23,428.89
26,27,164.34
29,43,280.53999999999996
40,98,678.0100000000001
12,226,1131.88
89,74,1171.7999999999997
24,201,1610.46
318,23,417.6900000000001
40,44,544.1800000000001
173,13,177.34
116,19,213.85
30,81,747.7800000000001
252,19,257.22999999999996
59,92,1638.47
23,59,7792.360000000001
5,71,2031.7800000000002
99,11,3070.42
24,146,2121.27
33,188,1575.1599999999999
67,62,1071.03
36,63,949.12
52,101,810.5
15,8,122.64
74,40,1033.3400000000001
215,66,354.8
31,28,519.44
16,146,2624.26
120,5,252.1
9,79,1678.1200000000001
256,23,346.6
16,96,1836.3400000000001
35,6,94.2
45,63,1095.08
43,166,2707.33
114,56,932.97
164,49,379.65000000000003
10,16,382.14
9,108,2639.1700000000005
205,104,1573.1999999999998
85,53,897.76
179,13,189.46999999999997
60,12,84.65
149,87,305.0199999999999
2,470,6363.59
50,9,218.55
75,25,349.7
301,6,186.39
18,65,396.91999999999996
151,25,486.82000000000005
151,16,232.6
1,195,3722.42
17,57,827.83
187,3,59.5
285,30,67.23
2,39,3119.44
182,8,72.0
63,6,910.0
59,9,172.25
24,53,1488.32
3,568,65039.619999999995
31,90,2504.13
38,12,151.3
155,14,308.58
26,197,2265.12
318,1,99.5
5,134,2308.0600000000004
7,28,711.86
302,20,330.79
267,48,806.41
271,51,296.88
3,336,6328.05
31,8,180.48
218,13,252.06000000000003
246,10,228.83999999999997
281,105,1079.3400000000001
269,21,138.28
32,102,1445.0100000000002
246,12,306.55
15,60,1041.68
116,43,799.9
36,28,524.1400000000001
131,85,2375.41
217,6,199.85000000000002
49,104,1980.56
38,42,1079.6599999999999
28,20,333.48
36,63,1016.1400000000001
135,43,752.6
219,38,610.59
28,33,491.86000000000007
24,196,2885.2399999999993
5,191,731.8999999999999
200,30,339.6
18,3,216.9
240,23,350.75
71,34,668.4300000000001
16,321,3131.0199999999995
2,41,1341.6
95,72,1156.36
162,25,300.03999999999996
373,1,79.6
95,28,948.2499999999999
53,24,1647.26
288,9,296.25
124,76,1186.28
287,35,741.26
151,12,282.6
3,342,2161.35
2,142,5189.52
11,117,3190.55
33,25,659.41
54,57,286.78999999999996
50,70,1070.65
218,7,306.72
63,15,1714.9599999999998
70,208,1521.7600000000002
2,368,17220.36
2,135,2796.51
64,119,2634.45
33,177,1132.13
81,22,345.0
0,197,25977.160000000003
103,9,178.7
7,57,360.01000000000005
250,17,127.84
12,115,912.0
9,31,2462.7899999999995
367,7,230.4
75,31,309.04
4,45,348.79999999999995
127,11,1516.0
66,13,195.54999999999995
1,349,37153.85
116,39,688.8600000000001
309,33,558.32
66,23,324.79999999999995
138,60,4599.42
255,17,277.07000000000005
30,137,2635.79
52,13,924.5999999999999
63,10,256.38
367,7,112.6
5,76,1747.6600000000003
305,12,155.05
28,35,1499.0100000000002
183,13,814.5
42,36,539.0
39,69,1366.8600000000001
92,57,1579.1200000000001
22,176,4027.36
23,28,571.6700000000001
29,24,382.97999999999996
301,36,1140.35
144,59,385.64
5,96,632.0
18,40,957.66
32,46,1698.94
176,10,189.5
57,93,412.05
22,15,209.49000000000004
16,74,2202.99
19,3,52.199999999999996
159,29,384.7999999999999
25,55,834.57
211,19,271.24
5,174,691.7299999999999
252,1,85.0
58,206,3385.6200000000003
11,20,361.62
64,9,312.98
24,55,865.0600000000002
92,5,1255.0
51,101,1537.95
129,93,1595.4800000000002
95,81,2651.4599999999996
57,23,1090.1399999999999
8,110,8109.52
168,14,388.5
57,11,216.17000000000002
326,28,201.16
1,76,1245.9
18,139,2209.36
247,20,305.78
58,30,501.56
74,7,145.67
31,61,1015.29
7,33,3192.54
123,307,3104.95
2,115,2770.94
22,336,6403.25
119,23,389.59999999999997
358,18,540.45
53,104,1786.79
63,7,122.69999999999999
86,3,117.24000000000001
54,36,1281.53
21,165,3219.7700000000004
3,178,17159.52
2,65,1191.13
10,142,2674.48
7,59,787.6000000000001
189,28,506.8
71,16,243.56
204,19,349.54999999999995
119,40,605.63
92,15,416.9
1,110,1883.8100000000004
26,27,632.97
297,21,821.1000000000001
23,27,564.6200000000001
28,118,2593.0699999999997
50,17,311.15999999999997
325,12,155.93
16,19,388.52
183,43,740.9499999999999
72,149,2867.2
37,26,332.64000000000004
79,122,2369.55
57,148,2580.91
11,33,626.45
49,18,272.03999999999996
49,30,1212.8400000000004
59,28,384.81000000000006
351,7,172.24999999999997
53,20,351.13000000000005
1,117,1838.85
92,41,678.25
23,11,223.85000000000002
74,21,348.99000000000007
10,27,464.57
169,9,842.65
57,17,337.34
95,58,1237.53
294,16,307.4
109,23,608.7899999999998
263,31,922.0999999999999
179,26,376.5799999999999
169,9,158.85
35,7,71.66
23,45,568.55
17,49,839.14
21,45,5112.96
79,11,561.57
65,5,90.6
360,3,101.99999999999999
2,160,2427.3199999999997
11,35,745.0600000000001
176,39,674.4499999999998
217,137,3251.071
7,20,3515.6799999999994
1,25,439.92
154,33,322.96
5,152,1026.42
79,92,598.1999999999999
21,12,230.22
21,11,169.55
308,35,664.5400000000001
145,2,80.7
7,626,9053.939999999999
18,149,2758.26
70,15,190.25000000000003
287,11,264.7
49,28,413.59
31,338,2526.2799999999997
206,10,357.98
14,15,196.79
73,54,869.8699999999998
60,11,200.14000000000001
39,111,1871.81
29,107,2603.4300000000003
26,16,920.51
4,351,7060.13
17,13,320.46000000000004
19,234,4147.96
65,41,1266.08
213,16,311.3
12,84,855.9700000000001
30,5,76.8
42,121,3466.3600000000006
3,155,2313.1400000000003
15,86,1393.69
10,208,3901.81
211,15,635.6600000000001
45,39,2043.0800000000002
134,47,529.7299999999999
43,171,4582.639999999999
9,84,2874.72
115,30,962.1899999999999
198,42,695.6099999999999
277,11,328.8
110,34,473.02
77,39,505.18
52,20,917.34
161,161,4341.21
46,66,1421.61
16,39,642.8000000000001
155,22,631.9000000000001
225,28,440.0
7,31,584.0699999999999
121,16,327.70000000000005
60,6,104.82000000000002
63,15,467.66
18,243,2360.0899999999997
7,250,17286.86
2,143,2975.59
22,89,651.8199999999999
28,66,1428.0200000000002
284,38,626.65
176,28,147.2
78,92,1560.3799999999994
33,6,152.2
40,235,3614.92
266,21,141.41
26,209,652.8199999999999
109,6,1659.75
284,14,154.99
8,32,1308.6100000000001
305,85,409.93
16,488,5681.72
31,54,746.3599999999999
0,210,15610.390000000003
19,56,225.36
124,4,260.25
65,6,92.46
106,10,725.6400000000001
1,1106,8214.65
23,284,6217.959999999999
266,8,183.6
4,202,6140.42
9,111,10464.850000000002
29,80,1353.74
266,7,152.55
63,52,374.7
320,24,265.85
3,324,1438.8200000000002
32,13,151.04
4,43,942.26
129,46,122.47
40,42,499.4200000000001
101,65,1049.37
124,12,375.0999999999999
32,4,45.599999999999994
302,153,934.52
364,29,182.24999999999997
4,181,1018.4300000000001
2,450,4448.540000000001
2,69,194.42
10,589,50491.81
56,14,161.0
324,1,76.32000000000001
7,214,4076.91
12,105,442.84999999999997
4,5111,65164.79
36,21,147.34999999999997
16,250,3104.17
137,26,194.90000000000003
73,35,5976.790000000001
5,79,1360.28
154,21,216.20999999999998
239,74,1266.23
51,123,2703.23
30,34,597.9100000000001
72,9,144.2
3,156,5683.1500000000015
14,10,692.85
22,160,2915.15
3,34,1840.4199999999998
273,15,386.53
19,72,1382.7399999999998
143,3,90.0
3,159,2780.15
84,5,419.58000000000004
10,167,2740.4300000000003
7,15,706.1300000000001
122,44,709.7099999999999
60,46,637.5000000000002
1,52,1123.8600000000001
319,67,483.86
2,200,3586.0299999999997
129,28,605.6399999999999
1,134,4690.3099999999995
1,47,982.3800000000002
46,26,415.81999999999994
3,66,935.05
2,40,915.1300000000001
373,22,311.81
133,7,115.8
46,11,3742.2
8,210,4191.0
78,5,483.4
233,3,157.2
220,28,446.62000000000006
35,26,658.64
75,49,621.29
239,52,1345.62
266,6,118.75
9,1400,117379.63
19,48,432.88
40,41,507.65999999999997
19,1204,4693.01
215,108,1110.52
173,25,289.36
87,52,2445.9100000000003
70,29,1631.7700000000004
275,25,122.54
39,52,574.84
98,58,363.79
10,29,450.8400000000001
33,26,134.46
59,149,3222.3
297,31,576.9
86,42,559.4100000000001
8,327,1620.9300000000003
40,165,719.78
10,240,4748.52
66,24,452.89
331,3,197.65
30,65,2054.36
2,265,4654.08
1,259,4684.76
67,42,853.3900000000001
4,579,11349.52
201,7,1011.9999999999998
106,6,335.52
18,39,701.4
218,2,185.39999999999998
60,37,747.4400000000002
2,44,161.02999999999994
16,24,466.70000000000005
239,20,328.15999999999997
94,10,151.73999999999998
10,87,2073.4300000000003
105,102,1905.8400000000001
53,112,2241.1000000000004
89,9,1070.48
30,67,1004.3800000000001
11,108,1789.72
3,59,1839.3000000000002
1,100,2004.9799999999998
42,12,169.48000000000002
4,7,89.94
247,21,632.3999999999999
42,193,3432.8
177,41,683.1700000000001
92,60,991.1300000000001
110,118,1050.1200000000001
28,67,2232.19
26,175,3350.96
51,40,1547.2
183,50,925.71
42,115,2048.07
49,35,1462.7200000000003
22,159,775.4600000000003
75,79,3144.86
80,15,490.86
373,9,161.00000000000003
326,8,146.85
43,112,2380.8500000000004
30,42,890.3400000000001
183,10,213.70000000000005
234,16,280.55
8,141,2588.7699999999995
219,108,1693.4499999999998
110,75,1474.0600000000002
278,20,136.76999999999998
318,8,302.58
7,111,1904.05
1,78,2879.7
260,53,969.06
64,106,3099.7200000000003
9,111,12669.98
141,5,120.0
50,52,1163.45
8,143,2618.2299999999996
154,17,333.97
109,31,530.18
162,55,1516.24
331,29,492.65
225,10,112.32
73,33,437.96000000000004
51,29,559.97
98,64,1119.7400000000002
15,225,4216.2
196,8,134.04
3,156,3729.34
30,32,595.25
21,27,1910.0100000000002
23,280,4628.75
8,9,176.63
213,16,426.6
8,47,911.26
11,101,2314.6499999999996
1,237,3883.25
7,100,4871.929999999999
3,61,1046.56
40,5,166.2
17,62,1305.3299999999997
8,1637,51527.299999999996
8,143,3965.62
18,3,43.2
117,13,640.1400000000001
222,17,383.45000000000005
71,105,1858.9600000000003
51,33,2093.3199999999997
88,180,2995.72
8,117,2352.53
242,20,310.26
46,87,1611.59
106,8,120.0
44,101,2481.13
64,24,508.58
206,31,477.78999999999996
10,123,1530.7500000000002
114,36,605.0600000000001
242,8,183.85000000000002
163,12,311.65000000000003
17,259,5014.839999999999
124,28,462.65999999999997
22,26,866.3100000000001
67,15,415.2
16,162,2552.2100000000005
16,63,468.25999999999993
16,90,1614.91
161,31,588.2199999999999
242,14,309.52
218,6,134.7
45,129,2182.28
21,21,668.5600000000002
127,71,889.9300000000002
38,6,108.97999999999999
120,60,1021.58
260,18,409.57
10,31,133.5
274,18,282.92999999999995
164,1,51.0
157,47,1078.9600000000003
215,6,90.6
5,9,163.62
365,11,174.4
79,33,701.23
43,41,225.76999999999998
19,55,912.1800000000001
31,118,2128.2300000000005
22,41,161.2
108,69,3717.35
8,524,9261.52
319,8,155.0
295,4,100.5
358,4,76.55
185,75,257.68
191,11,617.05
44,46,348.1
52,56,202.68
26,131,626.07
38,59,1247.69
9,14,202.10999999999999
296,7,142.4
32,140,1770.5600000000002
10,186,3212.84
65,45,1043.46
10,286,4652.82
218,5,67.94999999999999
2,350,3507.71
65,73,487.99000000000007
2,87,2612.96
149,25,574.6999999999999
4,182,4051.4799999999996
130,20,1475.8100000000002
33,103,1474.32
119,8,156.75
107,73,2157.73
10,107,2606.53
71,54,2059.4500000000003
92,194,1105.07
310,14,1063.0
42,43,770.0300000000001
362,23,122.7
91,97,1496.98
1,590,5900.280000000001
22,14,490.2200000000001
3,124,1937.25
10,206,1058.06
99,29,387.52
57,27,813.1100000000001
0,222,4263.639999999999
218,3,265.2
17,1,322.08
23,224,4481.67
50,17,363.34000000000003
7,144,1244.83
302,17,470.36
9,382,2255.51
21,12,1372.8
98,9,89.06
365,5,63.0
306,9,131.9
319,32,2661.24
8,55,2357.6800000000003
0,51,1712.8900000000003
204,63,1589.82
53,93,1420.2
0,293,1039.58
18,70,1163.2300000000002
9,20,375.35
18,258,907.1
180,40,483.24999999999994
60,109,662.59
10,62,264.44
190,22,119.93
5,970,3062.3999999999996
310,4,113.64
155,37,1837.92
110,16,434.34000000000003
148,180,2103.0599999999995
66,240,2004.02
98,6,529.62
246,130,1058.62
29,72,2272.4
17,90,598.76
11,43,461.19000000000005
103,281,1936.84
74,7,234.34
46,29,547.6600000000001
71,42,925.8499999999999
257,19,215.7
19,10,1309.6000000000001
253,18,316.24999999999994
11,13,279.05
164,30,636.51
18,144,2068.15
281,9,137.1
50,14,321.92
38,47,165.75
26,144,1196.33
67,46,1064.2800000000002
207,30,463.38
175,17,340.93
7,120,2383.2400000000002
25,7,139.56
50,6,123.79999999999998
311,19,538.8100000000001
309,29,475.37
42,193,1957.3200000000002
26,194,815.3199999999999
88,7,356.85
183,10,251.21
19,624,2470.67
3,164,3543.26
47,107,673.26
17,799,5905.64
17,316,2012.17
23,96,1383.18
22,57,276.42
11,68,1314.8100000000002
187,23,275.28
100,12,455.59000000000003
61,73,1055.35
17,101,2102.0899999999997
33,18,330.45000000000005
64,16,174.37
1,4,270.6
24,17,974.54
108,12,241.09
31,203,1867.6800000000003
19,291,4332.2
2,972,8508.82
37,18,364.21999999999997
60,229,620.04
25,216,2925.9100000000003
236,64,932.8500000000001
24,62,1949.7200000000003
2,519,4447.050000000001
60,330,2864.19
259,19,171.8
57,10,355.56000000000006
64,19,388.24999999999994
15,32,537.48
9,76,996.26
58,111,1461.6500000000003
185,5,103.25000000000001
28,72,3630.3300000000004
24,114,2024.45
5,399,2578.09
3,366,4007.54
150,4,652.8
311,56,289.24
10,48,765.62
18,10,186.23000000000002
151,58,165.07
19,113,859.2700000000001
10,216,2381.04
57,21,324.14
85,16,788.38
7,74,2237.7699999999995
75,69,1080.76
3,423,5074.77
95,127,3099.1200000000003
110,4,1432.0
56,33,1530.3600000000001
1,12,227.38999999999996
280,29,218.06
3,270,2832.84
179,235,1653.42
372,1,35.400000000000006
12,123,859.7100000000002
3,24,168.63
16,17,138.6
40,6,114.11
5,330,1052.55
169,100,1042.2600000000002
50,29,157.05
276,19,237.36
18,383,1601.1399999999999
371,3,39.75
15,197,1447.14
35,164,570.4599999999999
21,152,617.99
7,53,379.8299999999999
19,102,1740.6000000000001
11,55,883.1500000000001
44,50,221.97
305,25,393.33
10,7,213.96000000000004
274,2,660.0
1,2700,12156.650000000001
15,86,16569.5
4,20,1785.1499999999999
72,4,601.5600000000001
242,3,406.08000000000004
9,16,553.44
245,20,394.43999999999994
205,26,412.78000000000003
1,92,1788.3600000000004
184,21,320.58
32,134,889.2499999999999
57,13,225.84999999999997
196,53,899.63
23,122,2791.27
91,24,671.9599999999999
4,152,959.01
50,41,1006.98
262,8,114.56
266,20,344.9000000000001
36,28,609.8500000000001
50,16,443.6
52,172,2984.49
24,106,2125.08
21,7,110.46
58,2,96.12
170,31,693.81
67,26,830.76
156,30,597.0899999999999
1,2080,280206.02
201,30,243.21999999999997
4,199,1417.29
67,102,654.5999999999999
77,29,114.18
1,237,1947.5499999999997
8,49,1932.23
169,80,291.05
17,126,848.22
5,29,247.14999999999998
8,253,2529.93
86,30,285.73999999999995
26,4,107.95
28,168,771.1700000000001
19,99,637.8900000000001
60,90,1835.6999999999998
24,14,195.25
10,573,9241.2
241,170,1269.9900000000002
280,132,411.53000000000003
234,61,765.55
3,74,1736.4
16,102,604.7500000000001
31,42,2548.2400000000002
25,258,28754.11
71,7,498.95
187,2,52.0
25,421,1236.2799999999997
106,15,628.3799999999999
7,327,5630.870000000001
208,13,112.80000000000001
44,50,371.7
30,71,2114.33
137,68,591.5500000000001
264,8,172.9
4,130,2078.95
218,22,188.60999999999996
1,210,1250.76
214,8,109.13000000000001
32,115,2235.2999999999997
10,335,2549.37
1,347,3292.1400000000003
14,22,318.16999999999996
11,415,1546.9099999999999
198,1,179.0
2,28,1126.37
15,196,4921.040000000001
14,139,606.13
10,357,2868.7999999999997
29,25,917.07
9,339,2666.36
24,10,160.19
24,71,867.3800000000001
43,55,329.67999999999995
1,237,1602.13
5,37,663.8100000000002
147,29,187.92
10,278,1158.3
24,52,718.08
274,10,268.58
373,71,313.49000000000007
1,501,2005.06
47,45,380.02000000000004
8,147,2702.49
16,202,9585.91
3,194,6065.6900000000005
3,17,1164.55
42,54,1314.45
4,60,3902.2799999999997
197,89,1448.2099999999998
11,59,1400.3400000000001
16,26,1099.98
112,69,1220.2600000000002
249,18,328.19999999999993
29,89,1415.75
43,5,389.63999999999993
87,30,563.1499999999999
44,41,638.05
9,235,5010.280000000001
15,38,738.9599999999998
75,19,420.50000000000006
144,71,1484.06
4,102,1625.97
297,5,89.2
58,11,255.89999999999998
263,21,300.52
46,6,278.3
29,39,254.11
8,135,2473.37
17,5,192.60000000000002
2,1090,10674.75
232,52,876.42
112,9,139.26
58,60,1011.8999999999999
51,117,2538.2999999999997
127,35,730.8599999999999
280,41,386.15
54,27,447.68
319,6,200.10000000000002
26,15,289.99
10,3,77.4
7,30,679.4399999999998
28,6,197.64000000000001
16,46,745.0600000000001
63,2,6.2
21,14,228.99
2,80,1319.91
166,6,131.45
1,1141,8022.49
52,12,173.74
51,13,157.70000000000002
47,385,4339.74
61,59,193.13999999999996
162,44,845.55
8,12,353.27
15,47,554.6500000000001
75,11,193.39
39,235,2741.17
40,255,2087.88
369,30,155.42999999999998
36,53,778.5
197,4,271.85
200,63,1110.3400000000001
73,48,657.8
64,13,272.07
21,29,507.28999999999996
366,2,48.800000000000004
180,70,321.42999999999995
10,29,1127.7100000000003
3,121,2226.9100000000003
196,17,2139.76
29,42,697.55
53,40,197.13
17,67,1720.3
10,6,102.44999999999999
89,108,1649.5000000000002
267,4,62.85
53,138,3295.7599999999998
43,145,2824.6899999999996
63,130,3189.8100000000004
148,13,309.4
21,388,7930.54
311,21,325.75
23,28,511.3499999999999
58,143,2836.69
24,9,475.79999999999995
78,127,2759.8300000000004
119,20,645.65
36,66,1311.38
59,60,1173.12
12,58,1353.74
19,11,170.32
52,6,125.79000000000002
25,48,841.2
29,11,266.76
7,4,52.2
10,99,14389.900000000001
185,36,710.28
3,144,2953.59
8,71,725.7
261,13,327.24999999999994
3,98,522.38
210,28,519.6800000000001
107,47,1465.3199999999997
12,124,1485.5400000000002
77,47,706.1900000000002
19,17,255.4
26,11,589.7
18,53,761.5899999999999
131,15,765.3199999999999
252,18,364.79999999999995
79,6,1862.0
207,20,369.2
336,10,135.9
253,7,125.65
148,33,554.38
9,73,1237.8500000000001
85,23,655.7499999999999
7,498,11138.71
204,43,468.77000000000004
7,55,1366.38
23,116,1303.52
11,96,1421.29
25,20,332.66
21,355,2810.63
2,69,1025.44
157,17,616.15
3,165,3501.1000000000004
74,9,277.79999999999995
2,30,434.35
1,5677,143825.06
16,27,867.85
35,87,1227.43
91,12,307.48
70,77,1268.98
115,45,1610.1499999999996
212,57,977.77
30,78,1316.0700000000002
50,44,749.1
245,10,310.05
32,11,223.88
108,128,2372.8599999999997
4,41,1257.68
365,17,363.53
81,87,1890.94
297,10,1784.71
33,364,8137.020000000001
56,34,1621.88
29,170,5900.25
14,3,100.9
72,14,290.82000000000005
23,63,1101.97
19,19,371.2
79,20,311.69000000000005
59,138,8099.489999999999
25,55,289.82000000000005
12,85,336.16999999999996
253,12,58.49
147,42,499.68
64,59,695.4199999999998
8,27,221.26999999999998
10,312,7044.68
270,5,126.70000000000002
9,198,1487.8
247,13,206.21
96,83,599.0
14,38,191.32
49,6,463.8
30,37,147.59000000000003
68,34,1592.06
35,160,1116.5700000000002
128,18,114.77
107,32,1314.4499999999998
37,21,114.39
57,11,279.94
57,72,790.86
72,216,1931.42
246,8,102.12
19,41,213.27
198,87,296.75
15,4,326.4
211,40,334.53999999999996
38,61,233.23000000000002
46,26,546.2
170,75,429.87
47,77,490.52000000000004
115,115,1641.7599999999998
147,158,1246.3200000000002
15,1119,6316.57
51,144,502.09000000000003
159,12,156.91000000000003
12,182,1261.78
35,20,308.94
53,128,423.04
43,35,260.17
172,20,170.04
33,20,125.58000000000001
38,31,496.21
266,70,265.99999999999994
8,472,1914.8200000000002
11,135,905.0400000000001
3,562,6802.76
9,155,1661.33
33,72,377.01
80,61,469.0
30,35,1066.15
8,48,627.1300000000001
71,7,518.28
4,111,668.1400000000001
256,52,4959.1
4,510,2586.67
15,394,4308.610000000001
89,27,252.73000000000002
72,127,465.5499999999999
58,130,705.49
9,1502,19914.44
170,67,180.35000000000002
199,5,135.93
31,3,537.0
19,453,7700.23
151,12,735.6600000000001
9,206,5213.7699999999995
269,22,343.61999999999995
65,97,384.05
273,3,121.17000000000002
25,78,1782.09
23,143,1391.6100000000001
319,30,215.78
4,71,697.7900000000001
12,114,302.1
275,25,1489.5
25,276,2124.9900000000002
40,237,1337.7199999999998
8,121,303.09000000000003
3,403,54534.14
71,57,987.86
213,5,370.79999999999995
37,155,3158.13
53,42,893.59
78,82,1744.76
46,104,553.36
179,70,1109.5300000000002
372,1,106.2
93,26,982.07
9,54,1043.4099999999999
105,42,748.87
77,27,773.03
172,49,880.8499999999999
7,440,9743.11
212,47,895.61
22,33,504.79999999999995
256,5,88.19999999999999
281,15,306.94
21,57,1160.0699999999997
10,145,2420.84
308,23,381.32
67,30,480.71
215,26,457.80999999999995
18,108,4597.0199999999995
103,47,1370.6
42,11,219.39
4,25,248.07999999999998
182,3,39916.5
84,23,410.48
333,3,876.0
8,8,317.53
31,35,703.3599999999999
196,69,1027.44
18,101,2298.9300000000003
17,100,1422.52
311,17,319.5
141,60,1300.25
245,28,484.9500000000001
23,35,996.1
29,84,1567.4799999999998
9,100,3609.3299999999995
30,197,2760.5599999999995
18,21,340.11
17,45,1352.75
14,79,1551.7800000000002
134,1,244.8
245,14,266.4
133,21,358.8199999999999
50,28,457.72
114,82,1633.7799999999997
7,106,2199.3100000000004
22,15,184.19000000000003
25,127,11528.480000000001
65,16,406.53000000000003
60,102,1471.0
50,84,3447.4
169,22,330.11000000000007
18,52,977.93
127,29,982.4199999999998
14,73,1387.99
239,9,139.04999999999998
2,68,1286.7000000000003
239,13,178.96
52,80,2354.25
46,26,498.74000000000007
225,14,259.45
8,217,6580.4400000000005
4,67,1194.7300000000002
164,91,1327.16
240,28,623.5
10,20,301.29
133,23,520.8
17,343,5314.469999999999
9,271,4745.6900000000005
31,22,329.25
75,85,296.42
1,55,961.4899999999999
3,125,1936.0700000000004
45,7,401.4000000000001
1,710,18641.010000000002
357,4,158.16000000000003
18,29,304.4699999999999
68,103,843.0499999999998
373,27,487.75
320,41,163.00000000000003
25,5,106.56
331,5,1289.5
8,110,1624.05
322,11,135.75
71,23,224.14000000000004
260,3,40.5
18,93,2206.9500000000003
367,6,87.5
66,16,689.48
154,29,622.8499999999998
29,63,406.76
70,21,310.62
14,19,411.41
1,91,4777.180000000001
1,212,16225.390000000003
119,51,1044.3200000000002
60,19,499.31999999999994
3,310,7616.530000000001
2,1,3861.0
10,32,1079.6100000000001
92,10,193.64
59,13,1268.6999999999998
87,69,1236.54
25,142,1827.8
357,9,316.58
85,37,653.24
10,9,420.3
1,42,870.12
225,20,331.18
60,52,894.41
241,5,101.79999999999998
318,24,328.35
1,110,1661.44
46,35,734.9399999999999
87,2,96.6
10,166,5756.89
176,9,305.75
51,117,1778.9599999999996
366,5,403.25
318,5,585.0
225,20,755.75
358,14,322.0799999999999
234,23,409.4000000000001
310,8,154.41
36,58,1219.4
66,125,3386.71
239,23,429.6
113,31,612.0600000000001
276,14,197.00000000000006
217,143,2247.51
298,15,321.04999999999995
1,99,1412.3200000000002
29,50,1071.99
10,49,780.59
44,78,1706.57
66,110,1756.44
74,22,316.68
65,34,631.5699999999999
134,89,2515.84
238,33,514.15
122,6,356.0
31,350,6688.459999999999
9,111,10484.99
36,44,740.78
16,53,918.1999999999998
127,18,300.36000000000007
66,47,890.85
148,6,98.45
283,7,317.15
168,34,623.1600000000001
100,77,1810.77
135,19,254.81999999999996
323,10,178.95000000000002
106,12,156.50999999999996
64,23,393.7400000000001
151,82,1506.12
338,6,119.30000000000001
22,11,1717.36
23,2,408.8
15,41,2379.49
7,274,2507.07
57,63,721.94
4,47,716.57
37,41,615.14
66,52,135.31
46,12,255.89999999999998
354,19,290.51
172,16,113.12
58,139,2332.1499999999996
49,3,240.55
22,20,486.69
43,88,2306.5200000000004
29,58,939.78
4,204,7943.219999999999
25,103,4668.300000000001
201,25,180.94
50,194,3672.8599999999997
10,39,641.94
2,192,4799.9
67,7,4507.01
64,28,496.43999999999994
50,243,5070.349999999999
290,31,574.02
60,23,694.4000000000002
64,58,1174.35
95,12,205.3
274,19,310.46999999999997
0,2379,60767.899999999994
75,47,924.85
110,1,52.0
199,24,327.96999999999997
64,37,570.5000000000001
326,1,165.0
3,33,312.62
283,16,204.5
44,36,267.13000000000005
70,95,2748.3100000000004
85,42,679.68
103,49,162.29000000000002
333,29,311.7099999999999
52,10,208.75
39,57,1049.7
32,13,714.9599999999999
366,35,1661.06
208,16,1028.56
156,99,351.67
53,36,173.97
66,86,574.0699999999999
80,17,2020.52
129,24,406.09
87,21,364.5
0,26,563.9399999999999
45,20,393.53999999999996
332,17,252.42000000000002
366,5,201.59999999999997
72,9,158.04
158,72,473.80999999999995
373,5,115.65
12,225,1960.11
254,63,777.0200000000002
29,14,277.05000000000007
31,519,2766.5
4,551,8347.2
39,13,427.92999999999995
361,7,418.9200000000001
372,16,326.0
95,29,913.1900000000002
25,114,2314.32
75,44,602.5100000000001
57,95,1877.5900000000004
21,4,446.94000000000005
40,94,2386.05
137,27,2007.4
8,132,2415.9100000000003
128,3,168.0
40,117,1233.3599999999997
169,194,3703.29
8,36,1690.26
213,8,596.85
14,302,5955.709999999999
169,41,642.41
40,12,316.88
186,31,394.14
270,10,140.54
172,1,500.0
4,84,1535.53
16,12,231.86
9,85,2183.5400000000004
325,7,107.45000000000002
112,14,288.17999999999995
289,6,94.0
16,73,1345.5300000000002
1,50,815.77
92,12,716.2
148,42,626.77
189,8,349.1
31,53,510.71000000000004
33,153,1056.44
264,34,267.18
84,122,3450.8400000000006
26,99,1358.88
171,10,190.53
9,39,774.9
313,48,572.81
64,192,3984.3199999999997
85,28,508.80000000000007
24,8,135.85999999999999
58,53,950.36
323,6,97.7
38,2,43.5
254,17,383.34000000000003
19,292,1447.3900000000003
33,306,1483.14
15,6,93.78
26,82,397.35
23,10,171.19
213,41,533.3
8,55,1041.48
22,29,149.29000000000002
12,329,1122.5300000000002
262,45,200.16
131,25,156.57999999999998
54,62,383.68
248,2,594.0
1,382,3236.9100000000003
9,219,1418.2600000000002
264,5,113.5
330,9,155.17
312,28,494.64
26,60,974.5200000000001
30,30,429.84
29,58,538.7299999999999
1,286,1388.37
362,25,179.10000000000002
283,60,447.22
262,58,237.07
25,7,161.64
354,58,216.76
94,11,234.6
29,7,126.14
338,157,1048.85
19,97,7354.619999999999
85,57,334.53000000000003
9,52,524.88
51,24,467.51
50,24,538.5500000000001
2,77,469.4799999999999
113,76,371.5600000000001
14,11,1771.2
77,29,454.10999999999996
40,46,1441.4199999999998
116,45,905.5
15,98,11054.960000000001
161,88,233.81
1,188,3594.3100000000004
30,86,2575.0
92,2,91.32000000000001
22,50,1134.28
95,154,3100.09
28,35,659.4599999999998
32,297,2001.8000000000002
21,125,1299.23
17,15,1262.2
2,512,13316.400000000001
8,68,1131.5600000000002
15,213,10384.929999999998
362,70,147.09
81,13,52.83
52,97,3610.96
22,164,979.26
171,46,492.36000000000007
189,92,1000.2700000000001
330,1,250.0
11,160,909.23
155,7,121.0
33,308,14758.22
12,178,4139.460000000001
44,15,62.43
233,27,267.03000000000003
64,214,1942.4499999999998
1,18,343.5
40,185,3000.2000000000003
32,57,398.84000000000003
84,10,412.01
24,1,440.0
2,178,825.92
33,4,148.44
18,163,2429.7800000000007
254,26,229.32999999999998
22,672,3995.23
21,108,1502.3500000000004
8,228,2007.4399999999996
25,256,1580.93
19,83,807.57
173,75,536.4000000000002
163,24,110.92000000000002
7,41,538.46
11,15,213.30000000000004
114,29,85.13
288,28,127.86
9,259,3546.7100000000005
54,81,292.71999999999997
7,702,4954.84
77,115,1693.2599999999998
4,61,575.6300000000002
36,29,436.05999999999995
217,17,90.12
60,56,437.23
277,14,217.2
12,899,4805.17
24,31,279.77
28,20,473.65
11,27,800.5899999999999
351,1,134.55
22,113,1400.44
50,8,173.16000000000003
18,7,186.01000000000002
2,53,758.29
103,31,1375.71
7,323,4165.52
11,57,650.4300000000001
4,215,2552.86
31,104,607.45
177,168,702.25
37,45,940.6700000000001
151,39,258.88000000000005
162,13,127.1
68,51,348.59999999999997
120,150,3679.9700000000003
24,44,682.9100000000001
23,123,725.11
176,31,455.29999999999995
50,9,913.6800000000001
255,29,478.53
46,24,388.58
70,5,199.8
15,103,1771.7800000000002
100,77,1406.5900000000001
35,22,324.57
53,14,240.68
26,52,761.74
11,410,6776.56
8,47,1297.8700000000001
78,2,48.480000000000004
52,17,216.39
36,67,1198.23
61,77,2920.16
336,13,104.76
28,60,1093.68
184,16,298.48
51,6,112.46
9,43,1591.4500000000003
36,6,195.15
10,423,10399.74
32,45,776.8510000000002
10,3,336.40000000000003
56,100,1553.1799999999998
4,16,1293.03
43,185,3709.5600000000004
141,19,301.03
116,34,588.13
103,64,1534.26
74,49,675.8000000000001
4,155,2870.24
45,60,1186.35
15,167,3285.3100000000004
17,15,243.55
89,25,724.76
52,15,223.36
134,25,425.32
4,484,12515.66
105,119,1887.2
191,33,664.0
166,238,812.9999999999999
18,52,612.01
157,35,447.64
204,25,657.3500000000001
336,2,816.0
36,32,646.3
91,21,337.74
92,6,877.4399999999999
9,21,922.5300000000001
243,34,560.6700000000001
45,47,748.5
22,1,30.0
190,48,1024.1
43,11,306.45000000000005
25,90,1600.86
317,5,309.8
106,9,138.14
50,17,386.43
168,116,2242.01
39,13,301.32000000000005
217,1,76.32000000000001
40,33,684.34
296,12,173.05
18,78,2657.13
88,155,2881.02
73,114,2446.6000000000004
81,21,323.69
18,202,3435.7599999999998
49,33,657.23
52,12,352.70000000000005
24,110,781.2800000000001
9,78,1333.6799999999998
25,53,1426.16
117,10,193.75
8,166,2993.1
119,9,254.1
4,19,239.76
252,2,136.8
28,12,191.03999999999996
0,78,6479.4
266,22,409.98
33,171,2736.46
17,18,309.6499999999999
172,86,696.6799999999998
2,237,1542.1399999999999
264,5,211.5
140,117,2293.62
201,6,143.10000000000002
63,55,1060.56
35,214,945.5799999999998
40,288,3364.24
283,6,133.25
9,53,1072.36
143,19,356.7
11,35,330.87999999999994
145,118,1118.81
234,7,150.3
32,937,5045.610000000001
24,128,598.73
11,91,507.08
35,69,2222.56
364,41,203.10000000000002
201,11,218.25
15,32,415.25
16,302,5178.959999999999
212,5,85.0
65,70,1120.88
212,14,294.11999999999995
282,10,162.3
114,26,1339.45
14,72,1205.1200000000001
18,173,4812.42
66,8,449.12
49,9,154.88000000000002
16,88,784.4600000000002
77,3,34.8
19,62,1094.59
134,28,196.88000000000002
12,93,974.0399999999998
40,21,149.30999999999997
235,10,44534.3
2,293,2465.48
39,411,2637.38
304,1,79.2
51,28,458.57
10,141,2364.25
61,192,532.96
65,45,714.4200000000001
24,9,205.25
218,7,253.04000000000002
65,37,583.75
31,61,1086.9200000000003
88,180,3279.97
64,11,315.05999999999995
115,27,621.83
7,130,56252.72
5,10,635.6800000000001
68,25,270.79999999999995
245,7,104.9
133,18,241.61999999999998
241,21,1047.1100000000001
183,29,475.28
25,20,345.46000000000004
9,43,2614.7400000000002
10,14,246.3
32,83,2328.9700000000003
46,267,4932.2
26,206,948.05
358,25,351.3
10,35,220.85
43,75,1612.69
14,12,965.6099999999999
149,42,610.01
1,133,2711.56
113,8,2207.4
75,98,884.14
107,119,699.0799999999999
46,64,1063.95
142,1,451.42
51,8,415.82000000000005
0,263,4206.389999999999
23,301,5528.4800000000005
46,31,784.5799999999999
50,48,903.9000000000001
306,208,3734.9700000000003
36,35,515.77
78,89,1391.98
22,133,2218.62
107,41,1801.14
207,40,1303.9099999999999
16,72,1945.33
63,49,2100.6
49,123,1905.4500000000003
319,17,206.98
44,62,570.9599999999999
3,33,885.4699999999999
372,1,15.0
172,20,532.94
56,68,1654.3100000000002
73,115,1836.09
99,51,636.1399999999998
37,39,576.0
58,68,801.76
254,54,836.7900000000001
70,273,2233.75
44,50,954.09
50,10,137.37
64,24,391.98
11,167,33643.079999999994
33,62,1048.49
58,27,355.55999999999995
72,47,1224.06
303,8,118.95000000000002
46,11,130.73999999999998
17,138,3711.77
38,22,389.2699999999999
19,97,238.85
186,22,160.70999999999998
51,30,110.80000000000001
4,140,2974.6499999999996
136,80,712.24
4,645,16387.57
18,14,296.99999999999994
15,191,1438.8500000000001
40,142,977.2099999999998
12,546,3165.3599999999997
8,147,832.88
25,18,68.84
22,20,1936.3200000000004
40,40,895.13
101,45,230.53
5,461,3812.64
277,15,149.64000000000001
32,76,354.09000000000003
14,128,360.93
63,120,4405.88
1,129,493.28000000000003
369,105,343.28
312,29,501.39000000000004
198,23,516.36
2,49,396.47999999999996
92,18,379.35
60,12,181.09000000000003
80,12,168.31
156,93,446.87
226,62,524.52
253,41,263.55
149,11,179.17000000000002
194,24,222.05
1,86,1388.88
368,4,56.25
23,51,351.11000000000007
16,116,363.88
9,74,5126.76
8,30,164.67999999999998
19,150,1567.6899999999998
3,249,967.45
173,7,191.93999999999997
0,267,1232.18
178,19,264.61999999999995
16,155,1528.0900000000001
247,12,123.10000000000001
190,40,334.23
19,143,639.8900000000001
154,60,167.5
172,25,336.03000000000003
373,11,369.50000000000006
372,21,127.08000000000001
194,12,207.14999999999998
67,21,426.63000000000005
4,115,2495.8700000000003
21,74,1107.4600000000003
239,12,416.86
64,7,145.35
112,18,404.58
89,76,6115.009999999999
311,1,35.8
133,14,337.43999999999994
276,6,325.1
365,2,181.0
82,29,1708.24
8,60,955.2400000000001
16,19,364.72
31,98,1765.51
8,41,708.22
33,91,806.5699999999999
15,98,1659.3799999999999
24,183,4416.26
31,42,428.89000000000004
74,7,104.35
19,28,470.76000000000005
17,122,845.64
23,84,418.83
2,20,666.0999999999999
303,11,314.1
17,35,4199.85
366,4,307.82
39,176,3442.15
84,24,371.01
165,98,430.94
17,65,1054.73
77,49,1098.78
88,43,2398.8599999999997
24,97,3408.48
22,113,1475.02
2,270,2837.67
123,37,1142.4199999999998
30,14,168.11999999999998
12,140,1451.28
19,27,158.03
44,52,792.1100000000001
3,3,41.989999999999995
8,552,2797.57
54,35,427.07000000000005
88,130,1060.68
36,506,3089.97
2,9,12393.699999999999
29,103,2735.37
12,218,615.3900000000001
211,8,101.4
47,385,1701.94
23,33,478.78000000000003
22,90,992.7100000000002
245,86,407.50000000000006
8,212,3362.7099999999996
35,94,1415.29
3,139,37130.600000000006
37,145,662.3800000000001
3,182,705.39
3,235,1508.7600000000002
47,32,211.88
39,28,408.90000000000003
46,160,3786.24
16,46,851.01
260,76,628.2800000000002
46,101,719.81
12,64,251.24
29,28,439.65999999999997
43,32,236.09
91,16,934.6199999999999
38,242,81024.84
309,29,331.24
92,100,548.94
5,1137,8816.4
196,22,437.69999999999993
87,55,758.9199999999998
269,39,855.0200000000001
7,26,471.78
65,65,1313.5500000000002
30,6,3166.4
22,71,1197.2700000000002
37,39,773.99
119,83,1340.7
373,8,256.44000000000005
40,312,1111.79
173,10,137.89999999999998
54,34,362.05999999999995
32,84,1511.9500000000003
145,70,783.9000000000001
220,8,134.8
45,68,664.85
16,121,2263.12
65,180,1459.8600000000001
9,64,1153.62
260,23,335.32000000000005
365,74,372.09
16,102,1521.8700000000003
22,33,852.15
44,21,326.24
288,23,584.32
297,1,122.39999999999999
3,129,2234.73
283,1,79.2
16,21,1352.0000000000002
81,10,217.16000000000003
56,227,2806.8999999999996
100,31,1317.62
299,38,436.18
23,167,981.51
59,39,1121.3899999999999
154,18,315.06
114,51,817.86
106,1,17.0
11,63,1078.2299999999998
264,12,320.62
240,10,185.05
87,67,2005.63
50,39,731.8999999999997
70,76,1290.6999999999998
42,57,1842.14
7,48,1429.6399999999999
61,29,302.36
248,13,336.96
65,6,108.38
17,31,3204.16
84,48,842.5
218,18,611.8800000000001
45,354,1337.48
143,16,195.74
183,30,161.38
170,8,135.75000000000003
9,284,1667.97
211,34,612.7800000000001
189,30,232.21
8,16,423.36
59,30,1309.14
57,212,867.1099999999999
73,38,684.42
51,16,307.78000000000003
317,11,249.0
367,13,289.35
29,117,6287.77
39,40,656.25
17,89,1880.2199999999998
51,78,3506.540000000001
3,339,14589.039999999999
21,35,618.09
262,21,517.5500000000001
59,37,709.3800000000002
18,31,635.4100000000001
65,35,725.1800000000001
88,30,620.4
249,37,535.3399999999999
3,117,2424.94
246,1,175.2
8,224,3799.4900000000002
157,29,734.1299999999999
133,22,374.99999999999994
296,1,76.32000000000001
4,18,280.52000000000004
42,117,2053.02
268,29,1829.0399999999997
49,89,1824.23
8,130,3122.04
15,18,656.6899999999999
281,14,348.2000000000001
65,20,1025.44
1,474,5575.5599999999995
252,2,37.4
232,6,856.6000000000001
17,34,822.48
10,98,3787.6000000000004
8,85,1822.9700000000003
50,125,1885.0500000000004
59,3,73.2
95,69,1140.2100000000003
15,84,1418.32
126,23,1009.55
94,58,1037.5900000000001
50,15,331.95
138,8,197.9
60,11,215.83
100,162,10254.18
73,11,305.5400000000001
72,28,6617.65
67,15,338.7100000000001
64,45,1158.79
16,31,529.4100000000001
22,218,4006.9400000000005
31,295,6911.4400000000005
44,67,981.8599999999999
15,11,215.47999999999996
40,6,215.08
2,134,5180.52
236,19,314.45000000000005
75,15,400.681
4,179,1080.62
3,111,1863.4700000000003
360,18,365.27
58,35,592.9
23,57,405.71
30,98,761.38
54,63,537.0600000000001
25,19,394.38
44,66,664.26
88,46,2262.6199999999994
1,123,21086.300000000003
88,23,547.0200000000001
19,41,690.3399999999999
78,6,159.0
170,44,1062.75
80,14,242.35000000000002
267,37,914.9299999999998
235,15,304.25000000000006
29,84,3084.68
36,97,864.86
318,137,846.72
57,96,1295.3
44,134,1096.3200000000002
203,8,255.12
225,6,314.22
87,47,1010.5999999999998
189,35,542.03
43,37,990.8799999999999
71,22,536.68
40,46,867.3099999999998
78,20,432.19999999999993
56,19,414.2
24,135,3718.8
9,662,2607.8700000000003
8,294,3603.21
33,51,409.1
211,91,1522.75
23,90,1413.66
170,16,114.56
61,7,152.94
52,69,1800.0700000000002
261,24,389.44
66,123,3683.8599999999997
16,270,2619.91
266,13,752.4300000000002
176,2,46.95
45,135,5203.510000000001
50,18,1035.45
17,124,746.83
9,258,5447.0
73,61,861.8899999999999
71,45,667.6500000000001
353,54,1141.2399999999996
2,133,1429.2400000000002
116,25,411.7
373,67,357.94999999999993
196,33,559.87
176,6,810.6000000000001
100,23,566.38
21,107,1509.5800000000002
72,17,2062.0600000000004
339,11,168.3
5,166,1570.81
31,109,823.97
169,8,142.5
121,17,302.25
21,118,2248.99
9,79,1328.5500000000004
268,20,301.90000000000003
22,27,598.1999999999999
126,11,233.22
25,162,5360.630000000001
138,22,361.21999999999986
213,41,632.27
37,4,2560.0
106,42,706.57
17,37,616.26
3,16,274.15000000000003
330,14,226.37
64,151,2938.91
119,69,1341.65
35,19,328.15
217,3,404.40000000000003
172,56,1038.46
72,12,373.65
1,37,326.74999999999994
196,1,207.50000000000003
128,118,428.67999999999995
46,18,594.24
5,319,3110.96
14,319,3844.2200000000003
17,39,251.91
28,153,1593.2
7,45,26626.8
36,10,151.05
157,11,214.8
284,20,109.95000000000002
107,153,549.07
24,77,1971.87
75,15,322.41
16,47,370.47999999999996
158,2,101.10000000000001
44,38,575.4100000000001
11,92,887.6500000000001
32,235,1469.45
290,9,53.5
21,57,1116.47
332,8,153.9
17,28,494.44
3,94,6675.710000000001
63,39,395.8
197,31,211.77
33,34,658.88
1,109,2027.5
7,66,1750.9200000000003
4,662,3512.53
9,106,896.6600000000001
32,81,734.77
53,5,109.36000000000001
11,53,707.0399999999998
17,51,1540.42
18,18,327.3
37,130,804.49
2,76,497.42999999999995
18,118,1553.66
82,228,1320.56
33,97,367.92999999999995
66,111,473.03
8,125,987.01
267,5,676.2
247,23,362.9500000000001
4,108,2157.4000000000005
61,32,1780.59
74,102,668.3599999999998
89,33,584.5
60,59,555.89
28,88,317.2
322,4,94.36
53,34,1382.0699999999997
269,45,221.18999999999997
2,330,3046.21
56,83,1555.3400000000001
60,210,1486.9
154,82,1705.8
19,73,408.57
94,29,303.93
1,186,4098.32
264,60,299.6
312,10,177.5
70,23,443.05000000000007
302,5,167.25
18,63,163.07
12,172,2126.9300000000003
36,232,2028.88
19,45,214.64999999999998
53,35,151.83
56,31,262.2
21,7,126.25
44,54,210.34999999999997
26,71,1051.4
44,102,675.2700000000002
112,51,972.23
17,369,34684.4
24,18,346.12
191,5,133.56
302,21,302.69999999999993
2,372,1908.25
263,9,241.06
106,2,284.55
57,6,300.85
213,83,642.8100000000001
64,8,287.4
28,17,184.26
29,109,1522.2500000000002
5,132,798.35
7,282,3640.6699999999996
67,24,381.2
1,174,616.79
46,84,654.6700000000001
33,63,230.51000000000002
0,3,168472.5
135,36,259.01
198,20,188.89000000000001
197,40,707.69
149,11,311.92
87,14,266.97
44,2,6.9
63,99,1841.18
99,111,2158.3700000000003
218,9,208.35999999999999
2,202,3482.7400000000007
28,135,814.72
177,33,151.41999999999996
73,3,136.0
21,82,1422.4
19,236,1314.68
33,148,1603.46
74,2,74.9
23,182,650.4300000000001
51,170,762.3900000000001
274,13,223.95
164,18,316.11
7,360,1871.5
88,28,544.3
63,146,2494.46
25,17,331.0
10,35,300.83
75,53,769.29
15,18,220.62
192,19,139.35
173,25,404.30000000000007
77,42,363.65
33,29,498.79999999999995
46,39,731.5
79,56,1351.63
296,50,826.5299999999999
3,97,684.41
8,95,1599.52
49,136,2965.69
161,15,100.97000000000001
360,19,365.45000000000005
4,11,400.86
106,84,1431.9299999999998
25,86,484.38
31,4,777.6
19,3,90.30000000000001
296,13,363.70000000000005
372,13,248.10000000000002
21,169,950.26
4,35,874.5899999999999
52,113,1627.13
30,6,101.7
277,17,162.70000000000005
61,40,484.32000000000005
25,13,215.08
186,156,1046.57
1,290,9418.470000000001
2,183,13027.45
171,15,290.35999999999996
81,14,228.06000000000003
3,17,244.41000000000003
190,30,455.25
22,77,1244.59
17,4,6748.8
19,177,1095.5600000000002
5,31,593.75
110,55,548.97
2,45,1388.81
53,5,119.62
164,3,339.3
290,25,787.15
10,981,4154.639999999999
108,251,2298.97
95,32,922.12
242,17,379.73
163,84,5719.82
42,52,837.0999999999999
35,17,285.89
66,207,3313.79
24,11,281.84999999999997
0,460,8338.490000000002
26,57,841.4100000000001
5,31,511.12
53,19,1077.74
364,3,173.7
15,18,614.6600000000001
194,35,865.6
3,5,124.2
15,126,3738.4
26,87,1421.69
127,57,1009.6
84,42,663.61
71,28,451.43999999999994
182,9,105.84
113,6,313.61999999999995
373,14,233.45000000000002
80,28,936.0799999999998
248,8,463.95
232,13,225.14999999999995
71,33,459.24
68,10,213.5
4,216,4113.68
50,27,330.03000000000003
75,53,181.09
61,85,360.15999999999997
15,12,250.14999999999998
4,7,90.04000000000002
285,10,145.05
4,62,813.5199999999999
40,31,244.79999999999995
36,29,528.0799999999999
74,34,482.47
17,172,3347.71
15,276,5493.46
219,6,75.66
186,10,129.49
32,66,1187.6599999999999
70,30,618.5900000000001
182,26,506.19
15,33,500.42
235,5,151.85000000000002
31,96,2647.5899999999997
263,14,226.21
3,9,178.96
51,29,813.4800000000001
245,5,129.45
80,48,810.5699999999999
274,23,333.08
0,179,4413.1
79,20,322.80000000000007
29,117,2188.05
73,64,417.73
17,152,2883.1000000000004
222,9,217.9
32,69,1154.4700000000003
22,94,1680.72
31,50,1257.51
105,12,231.10000000000002
4,34,688.33
245,27,487.51
177,62,833.78
169,14,214.06
42,19,290.65999999999997
71,24,518.4200000000001
58,118,6773.97
16,69,1212.6600000000003
141,29,601.2699999999999
17,261,3794.52
22,73,8625.800000000001
9,208,933.6199999999999
368,8,123.24
189,2,39.12
16,16,1267.6499999999999
362,9,135.39999999999998
19,32,118.97999999999999
68,53,570.13
15,20,306.71999999999997
23,160,1374.87
16,252,4095.9
28,6,1692.27
2,114,8134.94
54,98,319.60999999999996
33,89,1592.12
2,163,3109.99
366,3,129.75
43,10,183.7
72,44,1770.3400000000001
4,30,1027.9999999999998
4,277,66653.56
61,62,324.24
47,585,3062.83
1,62,1260.86
75,13,422.59999999999997
72,12,225.57999999999996
256,3,1276.0
68,60,482.01
135,10,657.9000000000001
241,21,112.75000000000001
226,5,1998.0
8,308,5076.550000000001
8,144,5398.299999999999
0,270,14034.990000000002
37,123,531.3499999999999
45,27,656.6300000000001
84,79,3029.8700000000003
19,402,2483.04
3,22,1651.03
9,447,3645.4300000000003
18,624,6923.13
218,93,1161.53
78,19,301.71999999999997
266,2,901.2
23,199,3858.38
369,45,623.7500000000001
14,201,1790.42
26,27,155.24
262,37,292.46999999999997
17,225,4730.8099999999995
91,43,589.1499999999999
302,151,781.02
26,185,1382.02
364,46,272.81999999999994
46,269,1054.67
38,660,7239.92
52,82,743.11
31,28,603.7499999999999
52,53,650.51
78,125,2300.56
53,1,417.59999999999997
297,1,3.75
176,13,323.00000000000006
46,1,464.9
29,191,2238.09
11,242,1304.76
86,357,7194.3
4,449,6697.66
37,42,836.06
17,69,1515.8999999999999
44,95,623.9300000000001
30,25,1764.7199999999998
372,9,207.5
58,34,223.92
372,2,2002.4
114,170,1496.83
214,13,239.40000000000003
318,7,106.83
65,22,369.34000000000003
7,42,789.79
96,13,316.62
19,89,1501.3799999999999
198,23,611.8500000000001
3,706,2799.25
294,1,34.0
273,34,1145.5999999999997
30,222,5580.599999999999
47,54,478.0899999999999
260,40,380.39
57,145,770.1
33,255,2246.8100000000004
57,26,171.59
67,48,661.52
10,158,1695.6599999999999
60,76,388.2800000000001
80,50,226.35000000000002
74,16,245.94
2,333,10629.720000000001
100,60,425.19
372,17,311.25
10,190,2279.9
19,3,107.6
123,155,597.4799999999999
8,5,80.8
3,93,1545.6200000000001
29,320,1721.7799999999997
282,12,110.38000000000001
57,16,243.84
1,285,1222.7099999999998
365,66,414.87999999999994
89,18,305.61999999999995
11,164,1201.4899999999998
163,76,1619.73
65,24,332.3
23,60,536.99
173,98,460.5899999999999
103,103,801.4900000000001
142,67,1121.59
99,23,288.42
23,149,914.69
192,15,309.53999999999996
4,28,547.0699999999999
360,15,479.3500000000001
8,449,1692.98
14,324,6509.1
103,28,417.06000000000006
2,86,1604.75
10,189,3349.5699999999997
95,26,497.61
227,38,358.37999999999994
15,26,460.64
38,28,775.1800000000001
51,22,341.70000000000005
93,8,128.5
156,11,197.22
38,23,325.90999999999997
184,12,199.15
1,47,1106.53
227,24,413.46000000000004
128,10,180.85000000000002
39,11,251.87
31,165,3170.9799999999996
197,25,588.85
8,266,16594.35
36,116,1869.82
100,63,1264.19
42,378,10196.570000000002
50,11,214.32000000000002
43,12,193.44
52,14,281.42
186,8,124.57
333,19,332.41
4,20,342.45000000000005
10,9,144.91
23,19,328.40000000000003
14,2,35.400000000000006
368,10,375.69000000000005
144,52,747.8100000000001
59,6,173.76
31,26,502.8
140,11,207.73999999999998
22,128,825.4200000000001
22,137,2812.34
77,7,680.02
4,279,7123.620000000001
67,112,2095.53
12,159,853.7199999999999
84,3,13.3
30,178,1519.0800000000002
66,1,432.0
66,39,705.12
187,38,276.72999999999996
37,26,429.84000000000003
15,101,471.51
35,37,194.88000000000002
194,135,1578.67
1,203,809.7
1,99,525.5400000000001
366,45,145.93
64,69,219.14000000000001
299,37,289.78
26,162,508.81
7,125,1281.56
16,79,887.11
116,44,1706.88
29,60,373.24
4,710,3754.27
5,208,3102.4300000000003
81,93,579.7700000000003
29,151,981.65
72,18,379.14
4,547,1510.06
28,101,2575.38
290,8,113.44
36,38,208.45999999999995
9,57,621.6800000000001
23,143,576.2600000000001
276,9,391.52000000000004
49,128,1068.8200000000002
156,327,2596.4500000000003
61,60,169.79000000000002
12,672,7247.610000000001
21,83,846.75
371,14,230.25000000000003
115,6,543.0500000000001
80,209,2847.6
3,77,1295.3899999999999
26,54,380.54999999999995
5,898,4604.219999999999
53,53,161.93999999999997
1,44,563.23
54,62,950.9300000000001
25,57,262.68
8,241,2736.38
52,305,3049.88
12,281,1920.59
211,33,816.7299999999999
21,249,4345.5
235,21,406.48
138,19,435.02000000000004
3,60,1286.2700000000002
56,42,1178.56
134,86,1277.7500000000002
109,16,167.60999999999999
30,1,20.8
0,54,2085.08
184,25,518.67
17,16,308.74
239,16,416.64
87,7,117.35000000000001
38,101,507.05
116,14,234.17000000000002
187,7,110.55000000000001
226,26,201.18999999999994
8,28,2154.9700000000003
189,21,319.02
4,31,439.43
39,42,650.4100000000001
38,41,357.21
267,2,251.51999999999998
77,39,344.3299999999999
3,89,1852.0
255,87,1078.9600000000003
60,22,384.06
12,148,1931.25
88,407,4481.35
17,120,5464.119999999999
29,3,1873.2
3,129,1625.0500000000002
5,7,126.12
7,12,1133.25
218,1,179.0
10,93,1614.3099999999997
30,37,1456.9600000000003
288,12,702.0
149,4,295.0
23,23,484.82
0,169,3989.5699999999997
85,49,1493.7300000000002
46,44,1412.9400000000003
4,44,781.78
50,52,889.9299999999998
18,11,195.36
30,15,270.9
8,74,586.3299999999999
28,217,1842.56
2,252,8694.26
40,16,920.1
11,234,1272.6100000000001
31,7,71.0
45,3,95.85
60,9,357.77
185,4,154.82999999999998
78,153,890.2900000000001
110,2,716.0
63,11,146.87000000000003
11,22,380.35
86,28,1030.14
16,30,745.5200000000001
245,28,433.53
87,75,1267.32
30,22,112.40000000000002
137,15,449.72999999999996
26,70,1081.57
2,98,1044.38
32,102,1735.18
25,6,948.48
113,22,339.43999999999994
157,22,642.0199999999999
85,65,1100.8999999999999
117,43,925.35
2,318,5659.98
96,316,3228.8399999999997
194,43,247.14
28,92,413.74999999999994
130,13,498.47999999999996
28,83,1356.3300000000002
81,62,1179.8899999999999
29,516,3095.04
266,5,234.24
73,99,5232.23
313,70,538.37
21,78,1461.14
58,62,859.35
12,296,4552.139999999999
28,143,2709.7
114,64,312.14
28,140,2429.03
17,174,1446.0900000000001
17,77,834.1199999999999
36,25,841.0799999999999
36,28,378.20000000000005
78,2,118.80000000000001
22,8,287.62
25,64,290.15999999999997
33,81,2003.85
109,52,1405.78
35,162,2949.75
123,187,1566.65
7,96,2050.08
28,115,1991.0100000000002
4,63,2043.9500000000003
2,195,3827.7600000000007
50,125,1777.7800000000002
322,14,301.99999999999994
22,74,1324.1599999999999
15,48,1022.1299999999999
2,211,954.42
18,65,971.74
10,42,1621.73
261,1,25.5
159,90,665.7799999999999
33,418,10815.43
29,117,885.0400000000001
165,12,163.3
47,30,248.60999999999996
5,127,808.62
8,39,837.4999999999997
288,9,116.19999999999999
317,10,157.02
3,35,606.91
233,18,307.46000000000004
119,7,138.32
161,9,345.29999999999995
185,32,298.89
50,40,259.35
152,260,1004.75
334,14,157.08999999999997
5,134,2463.17
15,27,4892.240000000001
106,24,425.0
16,52,1139.73
275,24,380.5
15,478,10668.470000000001
247,20,465.32
239,15,578.9999999999999
1,48,984.5699999999999
105,35,749.78
22,81,1714.59
51,9,124.88
194,14,1689.5
24,14,213.77999999999997
75,23,329.34
17,20,251.69999999999993
7,13,319.0
32,67,1266.97
21,101,1538.88
31,229,3518.0299999999997
28,104,1715.46
21,5,293.1
32,144,2467.35
284,10,158.68
38,12,206.33999999999997
57,54,835.7800000000002
289,16,224.91
78,15,317.76
5,86,3766.5999999999995
217,4,59.9
44,63,1443.69
201,15,306.13
178,80,711.79
56,128,796.03
57,23,239.91999999999996
7,73,3347.31
46,2,144.0
226,10,203.95
11,84,2474.23
106,61,384.40000000000003
58,19,444.74
28,237,2095.13
35,32,1699.3000000000002
273,29,262.62
29,29,1013.01
23,96,692.2199999999999
53,40,342.63
35,152,3563.8499999999995
175,57,1564.56
53,13,384.08
53,7,204.24
26,211,2317.2200000000003
253,4,226.85
40,157,2781.2300000000005
60,103,1069.1200000000001
234,9,113.49999999999999
4,274,1960.7199999999998
31,25,114.23
24,472,3198.25
7,63,335.13000000000005
65,28,354.15
310,49,426.79
308,21,393.48999999999995
18,47,939.3199999999999
15,208,1906.09
96,47,318.76000000000005
264,69,3638.41
12,541,3174.32
2,36,421.52
35,25,190.88
182,14,149.89
25,29,550.0600000000002
12,105,916.1300000000001
11,19,314.69
2,566,3744.65
312,15,382.50000000000006
108,40,1135.04
1,400,8676.849999999999
53,31,954.9
204,9,171.45
15,55,282.19
120,69,318.65000000000003
3,57,384.52
362,39,283.28
116,87,353.85999999999996
18,18,178.26
4,112,272.44
40,78,298.41
107,16,240.0
148,124,603.37
52,12,1253.3600000000001
208,23,63.440000000000005
138,127,562.9000000000002
2,80,310.64
127,38,317.61999999999995
107,6,763.64
42,114,2148.6300000000006
35,27,111.98000000000002
227,69,1065.3500000000001
241,15,246.04000000000002
57,9,187.82999999999998
130,94,1703.4100000000003
60,292,1652.58
21,45,153.92000000000002
26,124,1064.1100000000001
9,142,1419.73
31,111,944.4100000000001
3,102,525.24
308,1,550.8000000000001
8,135,1875.1100000000001
28,69,556.95
17,51,131.78
101,30,498.42
11,57,669.1099999999999
21,66,197.63000000000002
14,79,1135.63
361,53,250.03999999999996
10,66,8631.310000000001
95,12,82.75
78,55,1384.85
138,14,644.3
31,24,2328.84
24,131,2527.92
1,473,6292.26
46,9,2600.34
100,73,1200.6200000000001
8,107,700.8599999999999
15,200,921.0699999999999
17,50,990.2299999999999
280,6,96.8
14,33,523.11
22,6,363.9
123,1,175.2
85,28,494.25
302,11,307.02000000000004
151,543,2027.87
17,753,6643.93
94,9,243.36
29,407,12353.29
156,183,781.3599999999999
355,17,193.64
46,32,160.57000000000002
15,87,537.7400000000001
3,500,2676.56
86,1,228.96
14,215,1159.5199999999998
179,9,110.75
8,71,1286.0700000000002
36,27,587.15
129,8,1740.0
50,16,1393.06
311,19,178.21999999999997
24,45,388.13999999999993
303,59,365.84999999999997
11,15,127.85999999999999
17,132,585.7900000000001
49,29,488.20000000000005
239,35,312.22999999999996
0,411,4481.18
12,468,4801.5599999999995
238,34,168.39999999999998
23,111,1912.6700000000003
72,33,446.17999999999995
17,87,423.88999999999993
40,253,1342.68
40,57,646.9200000000001
218,28,495.7699999999999
199,69,400.09999999999997
70,24,203.2
23,418,4100.92
11,83,404.66
8,109,20275.61
65,2,65.4
4,51,199.28999999999996
19,15,336.4
14,47,261.11
7,28,2686.4200000000005
19,78,784.1099999999999
77,15,1259.5600000000002
0,213,31833.68
163,3,508.8
306,62,457.90999999999997
219,4,203.86999999999995
39,27,7330.8
22,92,696.4100000000001
114,38,653.38
126,213,2129.96
4,59,2633.8499999999995
36,33,281.62
4,198,31906.819999999996
1,82,1031.41
333,113,2200.42
163,2,32.65
184,13,771.8499999999999
16,64,1214.72
12,41,778.9399999999999
2,66,1258.0600000000002
43,6,778.0
79,14,507.8399999999999
29,269,6893.42
42,30,463.46
11,206,4226.57
50,30,598.83
16,117,1979.3700000000001
46,26,698.41
19,43,759.1700000000001
8,271,5037.26
71,2,100.8
0,328,17256.85
128,39,524.9200000000001
32,14,265.76000000000005
313,43,403.3
18,48,365.76
88,54,303.15999999999997
2,134,2373.8199999999997
1,9,216.3
253,17,388.45000000000005
156,5,186.42
36,135,2248.56
219,1,534.24
147,135,2940.04
176,9,120.90000000000002
40,36,541.53
2,277,2520.86
8,337,194550.78999999998
1,100,1721.4
17,19,486.71999999999997
192,61,517.53
203,8,131.7
365,17,249.86
126,19,1737.7
15,54,316.49999999999994
43,111,657.3
94,29,622.43
22,111,757.4599999999999
60,27,675.6899999999999
16,215,1896.41
158,9,289.96000000000004
10,41,763.28
10,5,137.0
16,88,1870.9700000000003
44,78,1125.0700000000002
191,181,710.29
79,14,194.36999999999995
77,29,511.82
3,82,1255.59
65,21,414.04
261,24,396.87
58,29,376.63999999999993
0,76,2092.32
1,109,3558.8700000000003
248,12,374.57
7,27,497.56000000000006
358,10,271.05
75,17,272.22
289,40,622.88
17,5,1138.0
220,18,288.59999999999997
9,28,689.0999999999999
2,38,558.9599999999999
206,127,2997.03
161,52,1145.84
75,14,302.20000000000005
261,88,605.58
280,22,387.31
57,366,6115.139999999999
24,20,308.48
2,963,91062.38
28,105,2924.99
72,6,513.2
128,40,208.65
31,87,639.02
15,137,768.08
308,11,153.94
17,82,1844.02
53,30,546.81
29,45,723.21
1,73,1070.71
11,33,652.74
361,6,145.0
359,9,422.7
4,19,1195.9
53,47,939.37
1,253,3628.5
1,394,2385.0
190,14,296.7
53,9,223.36
280,13,164.39999999999998
177,3,76.5
29,75,897.62
25,9,98.42
24,25,578.9
269,25,170.75
43,145,645.96
233,5,103.3
23,6,148.86
197,42,267.1600000000001
359,43,306.84000000000003
60,49,930.41
129,2,1487.6
1,88,1952.4499999999998
19,106,483.26
205,6,157.9
14,34,541.4599999999999
94,27,854.9500000000002
19,46,167.61999999999998
14,63,1122.3799999999999
24,49,454.01
8,152,901.2099999999999
7,165,4331.48
332,29,344.13999999999993
50,299,1498.51
71,12,226.75
29,25,380.59999999999997
242,8,185.64999999999998
8,411,3622.68
218,5,143.45999999999998
4,50,448.8999999999999
252,45,215.71999999999997
0,440,11045.039999999999
236,29,175.27
7,35,1242.3000000000002
109,214,1133.07
100,23,1240.2
60,253,2404.17
2,201,1479.22
73,166,2225.9700000000003
3,213,3927.3400000000006
85,50,993.1800000000001
12,83,388.78999999999996
23,270,2827.9300000000003
213,55,2044.37
17,13,161.67000000000002
239,9,116.00999999999999
2,560,5102.97
78,11,394.71999999999997
217,63,309.35999999999996
33,59,193.42000000000002
40,237,1112.2199999999998
7,576,3984.22
53,135,2048.45
22,312,4559.150000000001
57,100,390.07000000000005
130,14,329.6000000000001
173,3,571.2
5,78,971.5800000000002
312,77,218.51999999999995
59,4,81.44
21,26,1379.8999999999999
32,33,527.0500000000001
14,50,843.48
18,315,2047.0
81,5,75.75000000000001
5,123,1814.12
169,26,503.59999999999997
1,39,528.3300000000002
31,70,1324.8400000000001
36,297,2361.9700000000003
19,20,285.55999999999995
31,35,547.0600000000001
276,7,108.5
86,5,621.6600000000001
119,40,712.29
373,8,101.55
1,157,2895.64
219,51,1008.39
65,7,133.06
60,91,1797.5
138,52,868.49
21,8,166.07999999999998
11,232,3945.0
25,259,4867.72
36,44,1207.56
277,22,117.55000000000001
10,91,2638.9400000000005
73,82,1674.6900000000003
25,19,595.42
17,158,2999.46
141,45,196.0
25,86,1802.9100000000003
18,43,604.64
3,18,728.1599999999999
66,117,2055.51
1,15,347.75
42,68,3406.72
227,11,205.7
15,53,1572.7100000000003
50,110,3178.17
1,227,1629.12
74,27,551.0400000000001
1,705,20374.28
4,78,1387.68
1,304,16363.23
263,16,298.11
52,30,1992.1100000000001
23,11,184.39999999999998
10,118,2474.3299999999995
43,15,239.41
16,130,3191.53
7,286,5739.460000000001
30,256,4757.95
358,19,290.4
127,46,740.9399999999998
137,16,200.46999999999997
141,15,283.12
131,35,765.3400000000001
38,115,2285.7100000000005
236,19,338.95000000000005
260,8,154.95
16,142,2534.64
252,24,417.95000000000005
30,74,1824.37
35,55,798.74
168,31,885.1899999999999
3,103,1823.52
4,382,10504.49
185,5,152.39999999999998
187,35,267.08000000000004
169,7,137.45
10,23,385.1
44,29,522.91
320,10,153.0
200,1,326.4
22,245,5655.99
232,6,139.35
37,274,5396.04
26,50,1195.94
96,115,2424.04
127,10,3276.4
71,40,1033.0
16,192,3439.08
15,66,1060.25
3,165,2876.01
3,218,5298.48
79,67,1240.11
372,18,303.96999999999997
38,35,692.1899999999999
53,43,700.63
2,690,13110.02
9,25,377.44
9,10,168.24
19,97,1879.05
11,47,2791.3500000000004
113,15,355.11
3,136,2322.4
240,6,110.25000000000001
112,1,71.4
178,35,674.52
5,193,1797.5700000000002
359,1,80.64
0,92,1772.2599999999998
1,741,5605.290000000001
19,412,3456.7
17,95,834.99
21,25,287.59000000000003
32,19,712.78
263,1,15.0
50,75,818.82
158,57,371.88
15,21,271.20000000000005
8,105,2273.18
12,310,3997.9800000000005
198,38,1143.2699999999998
56,54,245.81000000000003
10,53,182.76999999999998
96,156,1225.4099999999999
254,3,56.4
24,194,665.8600000000001
21,82,658.57
159,12,188.01999999999998
72,67,283.4699999999999
53,13,131.94
85,72,278.74
152,134,1865.19
73,5,1117.9
281,14,225.9
26,190,1965.5500000000002
29,10,106.1
25,58,323.04
179,46,350.38999999999993
40,82,697.9000000000001
22,111,780.4300000000002
22,408,3055.9300000000003
37,104,1199.01
82,140,1285.04
73,10,512.31
11,43,546.04
16,61,5411.91
4,851,7837.7300000000005
12,141,732.1599999999999
14,371,1770.8799999999999
36,17,36.559999999999995
4,33,387.68
71,48,3704.87
51,13,298.4
5,220,1995.46
22,67,1820.0900000000001
298,30,889.24
1,23,398.69999999999993
33,2,35.400000000000006
49,61,155.37000000000003
2,61,350.63999999999993
47,24,110.21
42,169,1593.38
26,121,2779.3
42,56,338.79999999999995
1,7847,40991.57
303,37,205.48000000000002
106,5,51.56
85,1,2033.1
81,51,901.2
218,26,605.8000000000001
372,297,5391.210000000001
11,24,114.34
185,15,311.26
372,17,208.97
1,15,1418.0300000000002
4,54,26879.04
5,199,5155.66
304,25,148.21
368,58,252.8
3,222,2100.8
323,11,330.9
59,148,3160.0
12,102,597.5
30,370,10526.32
142,9,329.65
30,79,1197.1000000000004
107,40,428.18
2,279,1894.3500000000001
204,10,155.90000000000003
80,44,1859.1600000000003
185,46,683.4600000000002
170,12,237.61
43,26,379.45
173,6,178.51999999999998
364,26,458.91999999999996
304,8,133.35000000000002
3,145,671.77
3,117,717.45
12,64,190.19
31,109,899.6099999999999
129,10,111.35
21,67,726.05
212,21,203.87
322,94,602.0900000000001
162,34,203.85999999999996
56,28,244.10000000000002
225,16,112.25
71,193,1119.81
44,16,98.0
23,2,256.32
172,114,566.6
85,28,152.06
159,32,155.79999999999998
190,6,112.19999999999999
29,19,110.38
21,38,191.66999999999993
71,34,800.24
247,12,72.9
373,58,243.27999999999997
9,39,366.23
310,38,311.01
58,59,411.59999999999997
3,80,336.43
45,94,341.28000000000003
88,23,1304.0400000000002
4,696,4204.1
64,145,826.52
282,1,207.50000000000003
11,31,2962.500000000001
372,1,244.08
133,21,397.29
45,23,212.54000000000002
11,5,843.0
35,39,1740.4799999999998
134,65,408.36
29,90,1331.57
51,21,704.25
138,29,145.79000000000002
5,77,389.84
8,43,4301.22
159,12,99.14000000000001
49,19,4106.4400000000005
130,2,304.56
7,2,77.50000000000001
233,20,149.58
37,9,176.67999999999998
147,1,358.56000000000006
1,70,58510.48000000001
72,71,482.2
39,20,1008.5400000000003
5,485,2332.7200000000003
198,19,557.3
249,1,12.75
66,31,111.67999999999999
116,7,508.4599999999999
171,26,73.78
21,249,1296.44
142,35,102.83
31,104,471.69999999999993
37,329,2622.57
37,68,1098.4299999999998
371,48,123.07
373,85,277.35
166,14,228.20000000000002
211,31,582.59
241,31,136.04
51,15,337.03999999999996
24,179,740.79
15,296,4488.81
372,65,353.19000000000005
29,21,288.14
365,12,300.91999999999996
35,146,757.7099999999998
165,30,811.45
145,48,152.68
22,23,634.9499999999999
56,1,20.8
185,13,198.57
11,38,201.11999999999998
236,29,630.84
225,5,93.35
121,81,678.49
281,2,76.1
74,166,1970.67
37,93,382.06000000000006
12,58,417.22999999999996
362,40,169.47
3,60,249.71999999999997
23,22,444.68
70,30,2116.19
235,32,257.34
256,14,174.79999999999998
373,28,102.79
155,31,187.29
28,32,166.42
4,46,120.03000000000002
32,123,1483.56
81,3,523.0
108,29,122.14
51,5,38.45
35,191,668.1099999999999
152,21,389.78
98,21,115.30999999999999
4,9,230.64999999999998
334,5,73.5
65,34,97.97000000000001
21,112,422.87999999999994
35,53,730.4000000000002
32,96,405.62
154,19,70.02
19,19,357.2
11,472,4183.39
53,7,165.04999999999998
24,121,559.51
4,127,2088.6
45,47,189.39999999999998
203,7,172.29000000000002
359,5,74.4
70,20,300.0200000000001
7,360,6784.1900000000005
288,19,363.65
9,3,170.16
23,19,306.46
21,46,2119.41
173,27,720.5200000000001
133,7,814.0
5,137,2392.83
75,10,318.0
40,37,396.33000000000004
289,1,101.69999999999999
26,470,2036.67
257,25,453.0
185,18,247.44
114,73,3877.5199999999995
373,13,489.6
23,142,2611.75
8,227,2633.01
217,29,336.13
45,127,3651.9699999999993
18,2,1231.5
36,17,343.45
25,73,703.37
16,1,90.47999999999999
330,29,689.9499999999999
274,7,101.33999999999999
98,2,4055.7199999999993
61,39,167.66999999999996
2,89,9068.26
93,36,2106.52
81,70,3017.3
312,21,580.05
11,213,911.1500000000001
7,108,2697.8
127,19,168.31
11,41,223.64999999999998
0,431,259657.3
37,38,754.6400000000001
37,18,113.48000000000002
329,39,430.7
254,17,271.0
1,444,8052.97
19,46,236.3
12,26,352.69000000000005
368,1,76.32000000000001
290,28,220.1
67,378,1418.03
25,74,320.71999999999997
10,1279,5653.82
367,30,181.11999999999995
214,17,111.14999999999999
149,32,673.1
8,364,1826.21
24,36,589.44
29,196,1142.99
60,56,206.83
19,47,348.73
243,14,112.55
15,70,1059.3899999999999
212,1,931.4999999999999
29,20,681.9100000000001
63,38,784.3299999999998
295,8,152.65
17,159,8438.34
157,15,1019.52
116,61,1000.1600000000001
7,43,2888.7500000000005
12,221,2861.55
140,10,160.35
45,7,179.33999999999997
50,16,612.0799999999999
32,37,566.5800000000002
134,38,653.3499999999999
3,21,399.18999999999994
75,25,371.62000000000006
12,140,734.94
9,34,453.4
301,23,530.1500000000001
57,39,638.0600000000002
15,80,1618.69
37,24,399.65
177,10,302.46000000000004
23,37,1384.86
176,131,1169.94
60,9,202.65
33,38,980.3100000000001
58,54,1231.31
14,189,7561.68
86,31,2106.8400000000006
7,1,104.0
358,30,476.35
31,74,1341.42
128,97,1590.81
9,90,1793.1700000000003
4,119,1843.7500000000005
24,44,382.7999999999999
227,37,632.0700000000002
15,1,49.8
249,17,304.25
15,71,2001.0399999999997
77,68,1090.2400000000002
192,15,284.46
261,7,207.79999999999998
71,45,957.9699999999999
165,16,243.76
82,7,973.8399999999999
95,141,689.1300000000001
4,159,5425.560000000001
106,32,163.8
199,68,1396.9900000000002
157,19,160.42000000000002
71,200,1993.7000000000003
36,32,517.3599999999999
28,8,139.10000000000002
1,134,2621.38
25,42,600.07
326,43,248.42
236,15,232.48000000000002
89,13,299.34
31,26,481.74999999999994
29,31,621.7500000000001
211,21,662.08
2,114,2069.77
226,2,305.28000000000003
22,64,1041.6100000000001
92,19,443.0
4,272,6484.54
263,10,158.95000000000002
3,271,5509.120000000001
44,242,5228.050000000001
217,5,93.75
56,30,779.9
11,164,7276.9
9,86,2810.1999999999994
192,124,2083.2699999999995
81,37,592.97
325,1,440.0
71,104,1796.4800000000002
29,49,882.24
2,61,987.1000000000001
218,88,1561.6100000000001
46,6,422.58000000000004
9,104,2073.09
72,78,2232.4900000000002
7,175,2567.0600000000004
23,4,596.0999999999999
122,47,804.02
17,8,95.34
310,21,349.27000000000004
87,16,4314.72
50,98,526.6700000000001
89,6,103.3
39,118,2337.6300000000006
24,42,2338.6000000000004
172,134,2643.2
43,21,324.24
140,13,149.48
25,61,1213.1599999999999
72,46,801.5100000000001
134,1,25.5
366,7,168.6
38,11,283.15000000000003
2,166,3078.58
2,3,204.0
30,11,175.92000000000002
43,14,335.8599999999999
58,8,110.38
73,9,173.89999999999998
277,10,180.6
180,7,80.82
7,12,178.05
3,756,2094.88
42,70,1837.2800000000002
